i,j,value
-31,-31,0
-31,-30,0
-31,-29,0
-31,-28,0
-31,-27,0
-31,-26,0
-31,-25,0
-31,-24,0
-31,-23,0
-31,-22,0
-31,-21,0
-31,-20,0
-31,-19,0
-31,-18,0
-31,-17,0
-31,-16,0
-31,-15,0
-31,-14,0
-31,-13,0
-31,-12,0
-31,-11,0
-31,-10,0
-31,-9,0
-31,-8,0
-31,-7,0
-31,-6,0
-31,-5,0
-31,-4,0
-31,-3,0
-31,-2,0
-31,-1,0
-31,0,0
-31,1,0
-31,2,0
-31,3,0
-31,4,0
-31,5,0
-31,6,0
-31,7,0
-31,8,0
-31,9,0
-31,10,0
-31,11,0
-31,12,0
-31,13,0
-31,14,0
-31,15,0
-31,16,0
-31,17,0
-31,18,0
-31,19,0
-31,20,0
-31,21,0
-31,22,0
-31,23,0
-31,24,0
-31,25,0
-31,26,0
-31,27,0
-31,28,0
-31,29,0
-31,30,0
-31,31,0
-30,-31,0
-30,-30,-6.52819e-06
-30,-29,-1.47375e-05
-30,-28,-2.58503e-05
-30,-27,-4.14296e-05
-30,-26,-6.34873e-05
-30,-25,-9.45993e-05
-30,-24,-0.000138018
-30,-23,-0.000197773
-30,-22,-0.00027875
-30,-21,-0.000386719
-30,-20,-0.000528312
-30,-19,-0.000710901
-30,-18,-0.000942392
-30,-17,-0.00123089
-30,-16,-0.00158422
-30,-15,-0.00200939
-30,-14,-0.00251188
-30,-13,-0.00309487
-30,-12,-0.00375854
-30,-11,-0.00449932
-30,-10,-0.00530931
-30,-9,-0.00617598
-30,-8,-0.00708207
-30,-7,-0.00800595
-30,-6,-0.00892229
-30,-5,-0.00980315
-30,-4,-0.0106195
-30,-3,-0.0113426
-30,-2,-0.0119462
-30,-1,-0.012408
-30,0,-0.0127109
-30,1,-0.0128445
-30,2,-0.0128055
-30,3,-0.012598
-30,4,-0.0122328
-30,5,-0.0117264
-30,6,-0.0111003
-30,7,-0.0103788
-30,8,-0.00958794
-30,9,-0.00875373
-30,10,-0.00790091
-30,11,-0.00705188
-30,12,-0.0062259
-30,13,-0.0054387
-30,14,-0.00470225
-30,15,-0.00402488
-30,16,-0.00341154
-30,17,-0.00286421
-30,18,-0.00238242
-30,19,-0.00196369
-30,20,-0.00160413
-30,21,-0.00129881
-30,22,-0.0010422
-30,23,-0.000828494
-30,24,-0.000651843
-30,25,-0.000506523
-30,26,-0.000387038
-30,27,-0.000288144
-30,28,-0.000204833
-30,29,-0.000132255
-30,30,-6.56088e-05
-30,31,0
-29,-31,0
-29,-30,-1.44306e-05
-29,-29,-3.25159e-05
-29,-28,-5.69125e-05
-29,-27,-9.10037e-05
-29,-26,-0.000139131
-29,-25,-0.000206836
-29,-24,-0.000301098
-29,-23,-0.000430547
-29,-22,-0.000605618
-29,-21,-0.000838621
-29,-20,-0.00114367
-29,-19,-0.00153643
-29,-18,-0.00203367
-29,-17,-0.00265254
-29,-16,-0.00340961
-29,-15,-0.00431961
-29,-14,-0.00539401
-29,-13,-0.00663942
-29,-12,-0.00805599
-29,-11,-0.00963587
-29,-10,-0.0113621
-29,-9,-0.0132076
-29,-8,-0.0151357
-29,-7,-0.0170999
-29,-6,-0.0190463
-29,-5,-0.0209152
-29,-4,-0.0226447
-29,-3,-0.0241738
-29,-2,-0.0254468
-29,-1,-0.026416
-29,0,-0.0270459
-29,1,-0.0273148
-29,2,-0.0272162
-29,3,-0.0267593
-29,4,-0.0259679
-29,5,-0.0248779
-29,6,-0.0235353
-29,7,-0.0219924
-29,8,-0.0203046
-29,9,-0.0185275
-29,10,-0.0167134
-29,11,-0.0149097
-29,12,-0.0131571
-29,13,-0.0114885
-29,14,-0.00992901
-29,15,-0.00849582
-29,16,-0.00719909
-29,17,-0.0060427
-29,18,-0.00502535
-29,19,-0.00414161
-29,20,-0.00338302
-29,21,-0.00273907
-29,22,-0.00219797
-29,23,-0.0017474
-29,24,-0.00137495
-29,25,-0.00106855
-29,26,-0.000816561
-29,27,-0.00060795
-29,28,-0.00043216
-29,29,-0.000278991
-29,30,-0.000138359
-29,31,0
-28,-31,0
-28,-30,-2.45054e-05
-28,-29,-5.5103e-05
-28,-28,-9.62275e-05
-28,-27,-0.000153505
-28,-26,-0.000234128
-28,-25,-0.000347254
-28,-24,-0.000504388
-28,-23,-0.000719723
-28,-22,-0.0010104
-28,-21,-0.00139658
-28,-20,-0.00190138
-28,-19,-0.00255042
-28,-18,-0.00337107
-28,-17,-0.00439131
-28,-16,-0.00563811
-28,-15,-0.00713545
-28,-14,-0.00890191
-28,-13,-0.0109481
-28,-12,-0.013274
-28,-11,-0.0158664
-28,-10,-0.0186973
-28,-9,-0.0217221
-28,-8,-0.0248798
-28,-7,-0.0280942
-28,-6,-0.0312761
-28,-5,-0.0343274
-28,-4,-0.0371459
-28,-3,-0.0396317
-28,-2,-0.0416928
-28,-1,-0.043252
-28,0,-0.0442511
-28,1,-0.0446559
-28,2,-0.0444571
-28,3,-0.0436714
-28,4,-0.0423394
-28,5,-0.040522
-28,6,-0.0382957
-28,7,-0.0357476
-28,8,-0.0329692
-28,9,-0.0300517
-28,10,-0.0270808
-28,11,-0.0241336
-28,12,-0.0212756
-28,13,-0.0185597
-28,14,-0.0160258
-28,15,-0.013701
-28,16,-0.0116006
-28,17,-0.00973018
-28,18,-0.00808668
-28,19,-0.00666066
-28,20,-0.00543786
-28,21,-0.00440078
-28,22,-0.00353004
-28,23,-0.00280547
-28,24,-0.00220688
-28,25,-0.00171464
-28,26,-0.00130997
-28,27,-0.000975052
-28,28,-0.000692897
-28,29,-0.000447137
-28,30,-0.000221633
-28,31,0
-27,-31,0
-27,-30,-3.76957e-05
-27,-29,-8.45778e-05
-27,-28,-0.000147355
-27,-27,-0.000234501
-27,-26,-0.000356816
-27,-25,-0.000528008
-27,-24,-0.000765261
-27,-23,-0.00108974
-27,-22,-0.00152696
-27,-21,-0.00210693
-27,-20,-0.00286395
-27,-19,-0.00383607
-27,-18,-0.00506391
-27,-17,-0.00658895
-27,-16,-0.00845121
-27,-15,-0.0106862
-27,-14,-0.0133214
-27,-13,-0.0163725
-27,-12,-0.0198393
-27,-11,-0.023702
-27,-10,-0.0279184
-27,-9,-0.0324218
-27,-8,-0.0371206
-27,-7,-0.0419005
-27,-6,-0.0466273
-27,-5,-0.0511538
-27,-4,-0.0553266
-27,-3,-0.0589956
-27,-2,-0.0620236
-27,-1,-0.0642951
-27,0,-0.0657248
-27,1,-0.0662628
-27,2,-0.0658982
-27,3,-0.064659
-27,4,-0.0626089
-27,5,-0.0598421
-27,6,-0.056476
-27,7,-0.0526426
-27,8,-0.0484799
-27,9,-0.0441242
-27,10,-0.0397031
-27,11,-0.0353301
-27,12,-0.0311013
-27,13,-0.0270932
-27,14,-0.0233628
-27,15,-0.0199478
-27,16,-0.0168692
-27,17,-0.0141331
-27,18,-0.0117334
-27,19,-0.00965475
-27,20,-0.00787514
-27,21,-0.00636798
-27,22,-0.0051042
-27,23,-0.00405379
-27,24,-0.0031869
-27,25,-0.00247468
-27,26,-0.00188963
-27,27,-0.00140577
-27,28,-0.000998424
-27,29,-0.000643911
-27,30,-0.000318952
-27,31,0
-26,-31,0
-26,-30,-5.51021e-05
-26,-29,-0.000123358
-26,-28,-0.000214416
-26,-27,-0.000340412
-26,-26,-0.000516762
-26,-25,-0.000762984
-26,-24,-0.0011035
-26,-23,-0.00156834
-26,-22,-0.00219365
-26,-21,-0.00302193
-26,-20,-0.00410175
-26,-19,-0.00548694
-26,-18,-0.007235
-26,-17,-0.00940467
-26,-16,-0.0120527
-26,-15,-0.0152294
-26,-14,-0.018974
-26,-13,-0.0233088
-26,-12,-0.0282337
-26,-11,-0.0337206
-26,-10,-0.0397095
-26,-9,-0.046105
-26,-8,-0.0527763
-26,-7,-0.0595593
-26,-6,-0.0662615
-26,-5,-0.0726711
-26,-4,-0.0785676
-26,-3,-0.0837355
-26,-2,-0.0879778
-26,-1,-0.0911299
-26,0,-0.0930711
-26,1,-0.0937333
-26,2,-0.0931048
-26,3,-0.0912306
-26,4,-0.0882074
-26,5,-0.0841752
-26,6,-0.0793064
-26,7,-0.0737931
-26,8,-0.0678346
-26,9,-0.0616261
-26,10,-0.0553485
-26,11,-0.0491613
-26,12,-0.0431981
-26,13,-0.0375642
-26,14,-0.0323361
-26,15,-0.0275638
-26,16,-0.023273
-26,17,-0.019469
-26,18,-0.0161405
-26,19,-0.0132636
-26,20,-0.0108056
-26,21,-0.00872773
-26,22,-0.00698838
-26,23,-0.00554492
-26,24,-0.00435534
-26,25,-0.00337925
-26,26,-0.00257838
-26,27,-0.00191674
-26,28,-0.00136033
-26,29,-0.000876647
-26,30,-0.000433884
-26,31,0
-25,-31,0
-25,-30,-7.79843e-05
-25,-29,-0.000174199
-25,-28,-0.000302088
-25,-27,-0.000478494
-25,-26,-0.000724742
-25,-25,-0.00106777
-25,-24,-0.00154123
-25,-23,-0.00218644
-25,-22,-0.00305313
-25,-21,-0.0041997
-25,-20,-0.00569295
-25,-19,-0.0076069
-25,-18,-0.0100207
-25,-17,-0.0130154
-25,-16,-0.0166694
-25,-15,-0.0210525
-25,-14,-0.0262194
-25,-13,-0.0322015
-25,-12,-0.0389995
-25,-11,-0.0465754
-25,-10,-0.0548466
-25,-9,-0.0636811
-25,-8,-0.0728972
-25,-7,-0.0822656
-25,-6,-0.0915173
-25,-5,-0.100355
-25,-4,-0.10847
-25,-3,-0.115558
-25,-2,-0.121344
-25,-1,-0.125598
-25,0,-0.128153
-25,1,-0.128919
-25,2,-0.127886
-25,3,-0.125123
-25,4,-0.120775
-25,5,-0.115044
-25,6,-0.108179
-25,7,-0.100453
-25,8,-0.0921473
-25,9,-0.0835331
-25,10,-0.0748606
-25,11,-0.0663479
-25,12,-0.058175
-25,13,-0.0504815
-25,14,-0.0433671
-25,15,-0.0368941
-25,16,-0.0310923
-25,17,-0.0259637
-25,18,-0.0214886
-25,19,-0.0176305
-25,20,-0.014342
-25,21,-0.0115682
-25,22,-0.00925098
-25,23,-0.00733157
-25,24,-0.00575246
-25,25,-0.00445878
-25,26,-0.00339886
-25,27,-0.00252441
-25,28,-0.00179003
-25,29,-0.00115255
-25,30,-0.000569926
-25,31,0
-24,-31,0
-24,-30,-0.000107744
-24,-29,-0.000240154
-24,-28,-0.000415537
-24,-27,-0.000656728
-24,-26,-0.000992563
-24,-25,-0.00145939
-24,-24,-0.00210255
-24,-23,-0.00297769
-24,-22,-0.00415172
-24,-21,-0.00570328
-24,-20,-0.00772232
-24,-19,-0.0103087
-24,-18,-0.0135694
-24,-17,-0.0176141
-24,-16,-0.0225494
-24,-15,-0.0284708
-24,-14,-0.0354537
-24,-13,-0.0435425
-24,-12,-0.0527402
-24,-11,-0.0629974
-24,-10,-0.0742033
-24,-9,-0.0861799
-24,-8,-0.0986795
-24,-7,-0.111388
-24,-6,-0.123936
-24,-5,-0.135913
-24,-4,-0.146891
-24,-3,-0.15645
-24,-2,-0.164208
-24,-1,-0.169848
-24,0,-0.173145
-24,1,-0.173978
-24,2,-0.172341
-24,3,-0.168344
-24,4,-0.162195
-24,5,-0.154187
-24,6,-0.144672
-24,7,-0.134032
-24,8,-0.122657
-24,9,-0.110919
-24,10,-0.0991592
-24,11,-0.0876674
-24,12,-0.0766817
-24,13,-0.0663825
-24,14,-0.0568954
-24,15,-0.0482955
-24,16,-0.0406141
-24,17,-0.0338462
-24,18,-0.0279588
-24,19,-0.0228979
-24,20,-0.0185955
-24,21,-0.0149756
-24,22,-0.0119585
-24,23,-0.0094646
-24,24,-0.00741687
-24,25,-0.00574227
-24,26,-0.00437256
-24,27,-0.0032443
-24,28,-0.00229826
-24,29,-0.00147836
-24,30,-0.000730342
-24,31,0
-23,-31,0
-23,-30,-0.000145882
-23,-29,-0.000324485
-23,-28,-0.000560253
-23,-27,-0.000883568
-23,-26,-0.00133269
-23,-25,-0.00195576
-23,-24,-0.00281277
-23,-23,-0.00397732
-23,-22,-0.00553793
-23,-21,-0.00759866
-23,-20,-0.0102787
-23,-19,-0.0137107
-23,-18,-0.0180371
-23,-17,-0.0234045
-23,-16,-0.029956
-23,-15,-0.0378209
-23,-14,-0.0471027
-23,-13,-0.0578643
-23,-12,-0.0701138
-23,-11,-0.0837897
-23,-10,-0.0987476
-23,-9,-0.114752
-23,-8,-0.13147
-23,-7,-0.148481
-23,-6,-0.16528
-23,-5,-0.181309
-23,-4,-0.195981
-23,-3,-0.208719
-23,-2,-0.219
-23,-1,-0.226389
-23,0,-0.230581
-23,1,-0.231418
-23,2,-0.228905
-23,3,-0.223207
-23,4,-0.214626
-23,5,-0.203579
-23,6,-0.190559
-23,7,-0.176097
-23,8,-0.160726
-23,9,-0.144953
-23,10,-0.129231
-23,11,-0.113943
-23,12,-0.0993967
-23,13,-0.0858204
-23,14,-0.0733678
-23,15,-0.0621252
-23,16,-0.0521217
-23,17,-0.0433395
-23,18,-0.0357255
-23,19,-0.029201
-23,20,-0.0236705
-23,21,-0.01903
-23,22,-0.0151719
-23,23,-0.0119903
-23,24,-0.00938334
-23,25,-0.00725564
-23,26,-0.00551851
-23,27,-0.00409008
-23,28,-0.00289439
-23,29,-0.00185996
-23,30,-0.000917953
-23,31,0
-22,-31,0
-22,-30,-0.000193936
-22,-29,-0.000430508
-22,-28,-0.000741798
-22,-27,-0.00116753
-22,-26,-0.00175763
-22,-25,-0.0025748
-22,-24,-0.00369714
-22,-23,-0.00522046
-22,-22,-0.00726005
-22,-21,-0.00995162
-22,-20,-0.0134509
-22,-19,-0.0179317
-22,-18,-0.0235811
-22,-17,-0.0305929
-22,-16,-0.0391576
-22,-15,-0.0494489
-22,-14,-0.061608
-22,-13,-0.0757245
-22,-12,-0.0918171
-22,-11,-0.109812
-22,-10,-0.129528
-22,-9,-0.150656
-22,-8,-0.172762
-22,-7,-0.195282
-22,-6,-0.217541
-22,-5,-0.238783
-22,-4,-0.258209
-22,-3,-0.275034
-22,-2,-0.288539
-22,-1,-0.298135
-22,0,-0.303407
-22,1,-0.304151
-22,2,-0.300391
-22,3,-0.292371
-22,4,-0.280527
-22,5,-0.265447
-22,6,-0.247818
-22,7,-0.228372
-22,8,-0.207834
-22,9,-0.186881
-22,10,-0.166111
-22,11,-0.146023
-22,12,-0.127007
-22,13,-0.109345
-22,14,-0.0932195
-22,15,-0.0787249
-22,16,-0.0658809
-22,17,-0.0546488
-22,18,-0.044946
-22,19,-0.0366596
-22,20,-0.0296579
-22,21,-0.0237998
-22,22,-0.0189425
-22,23,-0.0149467
-22,24,-0.0116802
-22,25,-0.00901967
-22,26,-0.00685178
-22,27,-0.00507244
-22,28,-0.00358569
-22,29,-0.00230182
-22,30,-0.0011349
-22,31,0
-21,-31,0
-21,-30,-0.00025337
-21,-29,-0.000561374
-21,-28,-0.000965423
-21,-27,-0.00151663
-21,-26,-0.00227907
-21,-25,-0.00333318
-21,-24,-0.00477908
-21,-23,-0.00673964
-21,-22,-0.00936284
-21,-21,-0.0128232
-21,-20,-0.0173216
-21,-19,-0.0230826
-21,-18,-0.0303496
-21,-17,-0.039376
-21,-16,-0.0504127
-21,-15,-0.0636918
-21,-14,-0.0794056
-21,-13,-0.097682
-21,-12,-0.118559
-21,-11,-0.141954
-21,-10,-0.167643
-21,-9,-0.195237
-21,-8,-0.22417
-21,-7,-0.253701
-21,-6,-0.282935
-21,-5,-0.310856
-21,-4,-0.336384
-21,-3,-0.358451
-21,-2,-0.376078
-21,-1,-0.38846
-21,0,-0.395036
-21,1,-0.395543
-21,2,-0.390034
-21,3,-0.378869
-21,4,-0.362673
-21,5,-0.342273
-21,6,-0.318622
-21,7,-0.292719
-21,8,-0.265544
-21,9,-0.237995
-21,10,-0.210851
-21,11,-0.184748
-21,12,-0.160175
-21,13,-0.137472
-21,14,-0.116848
-21,15,-0.0983975
-21,16,-0.0821203
-21,17,-0.067945
-21,18,-0.0557472
-21,19,-0.0453674
-21,20,-0.036626
-21,21,-0.0293348
-21,22,-0.0233064
-21,23,-0.01836
-21,24,-0.014326
-21,25,-0.0110476
-21,26,-0.00838168
-21,27,-0.00619776
-21,28,-0.00437637
-21,29,-0.00280648
-21,30,-0.00138235
-21,31,0
-20,-31,0
-20,-30,-0.000325454
-20,-29,-0.000719783
-20,-28,-0.00123558
-20,-27,-0.00193757
-20,-26,-0.00290675
-20,-25,-0.00424471
-20,-24,-0.0060779
-20,-23,-0.00856159
-20,-22,-0.0118831
-20,-21,-0.0162639
-20,-20,-0.0219594
-20,-19,-0.0292568
-20,-18,-0.0384687
-20,-17,-0.0499233
-20,-16,-0.0639485
-20,-15,-0.0808521
-20,-14,-0.100895
-20,-13,-0.124261
-20,-12,-0.151018
-20,-11,-0.181088
-20,-10,-0.214202
-20,-9,-0.249876
-20,-8,-0.287391
-20,-7,-0.325787
-20,-6,-0.363884
-20,-5,-0.400328
-20,-4,-0.433669
-20,-3,-0.462454
-20,-2,-0.485347
-20,-1,-0.50125
-20,0,-0.509403
-20,1,-0.509463
-20,2,-0.501532
-20,3,-0.486137
-20,4,-0.46417
-20,5,-0.43679
-20,6,-0.405315
-20,7,-0.371105
-20,8,-0.335469
-20,9,-0.299588
-20,10,-0.264466
-20,11,-0.230904
-20,12,-0.199498
-20,13,-0.170648
-20,14,-0.144581
-20,15,-0.121379
-20,16,-0.101008
-20,17,-0.0833457
-20,18,-0.0682099
-20,19,-0.0553789
-20,20,-0.0446111
-20,21,-0.0356586
-20,22,-0.0282785
-20,23,-0.0222393
-20,24,-0.0173263
-20,25,-0.0133425
-20,26,-0.0101098
-20,27,-0.00746673
-20,28,-0.00526663
-20,29,-0.00337391
-20,30,-0.00166022
-20,31,0
-19,-31,0
-19,-30,-0.000411093
-19,-29,-0.000907628
-19,-28,-0.00155534
-19,-27,-0.00243491
-19,-26,-0.00364714
-19,-25,-0.0053184
-19,-24,-0.00760603
-19,-23,-0.0107035
-19,-22,-0.0148445
-19,-21,-0.0203062
-19,-20,-0.0274095
-19,-19,-0.036517
-19,-18,-0.0480259
-19,-17,-0.0623565
-19,-16,-0.0799342
-19,-15,-0.101164
-19,-14,-0.1264
-19,-13,-0.155902
-19,-12,-0.189793
-19,-11,-0.22801
-19,-10,-0.27025
-19,-9,-0.315928
-19,-8,-0.364144
-19,-7,-0.413672
-19,-6,-0.462975
-19,-5,-0.510261
-19,-4,-0.553583
-19,-3,-0.590973
-19,-2,-0.620606
-19,-1,-0.640973
-19,0,-0.651041
-19,1,-0.650359
-19,2,-0.639103
-19,3,-0.618044
-19,4,-0.588455
-19,5,-0.55196
-19,6,-0.510374
-19,7,-0.46554
-19,8,-0.419198
-19,9,-0.372883
-19,10,-0.327873
-19,11,-0.285157
-19,12,-0.245447
-19,13,-0.209195
-19,14,-0.17663
-19,15,-0.147803
-19,16,-0.122621
-19,17,-0.100891
-19,18,-0.0823502
-19,19,-0.0666955
-19,20,-0.0536061
-19,21,-0.0427599
-19,22,-0.033846
-19,23,-0.0265721
-19,24,-0.0206695
-19,25,-0.0158945
-19,26,-0.0120279
-19,27,-0.00887292
-19,28,-0.00625168
-19,29,-0.00400091
-19,30,-0.00196689
-19,31,0
-18,-31,0
-18,-30,-0.000510652
-18,-29,-0.00112561
-18,-28,-0.00192572
-18,-27,-0.00300997
-18,-26,-0.00450188
-18,-25,-0.00655625
-18,-24,-0.00936597
-18,-23,-0.0131685
-18,-22,-0.0182514
-18,-21,-0.0249569
-18,-20,-0.0336827
-18,-19,-0.0448809
-18,-18,-0.0590505
-18,-17,-0.0767244
-18,-16,-0.0984491
-18,-15,-0.124755
-18,-14,-0.156116
-18,-13,-0.192904
-18,-12,-0.235325
-18,-11,-0.283358
-18,-10,-0.336685
-18,-9,-0.394622
-18,-8,-0.456071
-18,-7,-0.519488
-18,-6,-0.582893
-18,-5,-0.643933
-18,-4,-0.700001
-18,-3,-0.748427
-18,-2,-0.786709
-18,-1,-0.812765
-18,0,-0.825174
-18,1,-0.823337
-18,2,-0.807544
-18,3,-0.778926
-18,4,-0.739297
-18,5,-0.690936
-18,6,-0.636342
-18,7,-0.578
-18,8,-0.518207
-18,9,-0.45894
-18,10,-0.401796
-18,11,-0.347975
-18,12,-0.298299
-18,13,-0.253253
-18,14,-0.213045
-18,15,-0.17766
-18,16,-0.146917
-18,17,-0.12052
-18,18,-0.0981002
-18,19,-0.0792499
-18,20,-0.0635488
-18,21,-0.0505837
-18,22,-0.0399619
-18,23,-0.0313191
-18,24,-0.0243238
-18,25,-0.0186781
-18,26,-0.0141163
-18,27,-0.0104014
-18,28,-0.00732082
-18,29,-0.00468053
-18,30,-0.0022989
-18,31,0
-17,-31,0
-17,-30,-0.000623763
-17,-29,-0.00137281
-17,-28,-0.002345
-17,-27,-0.00365982
-17,-26,-0.00546627
-17,-25,-0.00795108
-17,-24,-0.0113471
-17,-23,-0.0159415
-17,-22,-0.0220831
-17,-21,-0.0301882
-17,-20,-0.0407436
-17,-19,-0.0543055
-17,-18,-0.0714931
-17,-17,-0.092975
-17,-16,-0.119446
-17,-15,-0.151595
-17,-14,-0.190055
-17,-13,-0.235348
-17,-12,-0.287811
-17,-11,-0.347507
-17,-10,-0.414136
-17,-9,-0.486938
-17,-8,-0.56461
-17,-7,-0.645244
-17,-6,-0.726324
-17,-5,-0.804778
-17,-4,-0.87713
-17,-3,-0.939751
-17,-2,-0.98919
-17,-1,-1.02255
-17,0,-1.03785
-17,1,-1.03429
-17,2,-1.01232
-17,3,-0.973617
-17,4,-0.920775
-17,5,-0.856999
-17,6,-0.785727
-17,7,-0.710303
-17,8,-0.633732
-17,9,-0.558527
-17,10,-0.486654
-17,11,-0.419523
-17,12,-0.358048
-17,13,-0.302712
-17,14,-0.253654
-17,15,-0.210752
-17,16,-0.173693
-17,17,-0.142041
-17,18,-0.115288
-17,19,-0.0928916
-17,20,-0.074311
-17,21,-0.0590232
-17,22,-0.0465389
-17,23,-0.0364102
-17,24,-0.0282336
-17,25,-0.0216501
-17,26,-0.0163418
-17,27,-0.0120276
-17,28,-0.0084567
-17,29,-0.00540164
-17,30,-0.00265076
-17,31,0
-16,-31,0
-16,-30,-0.000749146
-16,-29,-0.00164635
-16,-28,-0.00280807
-16,-27,-0.00437627
-16,-26,-0.00652781
-16,-25,-0.00948436
-16,-24,-0.0135227
-16,-23,-0.0189848
-16,-22,-0.0262874
-16,-21,-0.0359299
-16,-20,-0.0484994
-16,-19,-0.0646712
-16,-18,-0.0852043
-16,-17,-0.110927
-16,-16,-0.142715
-16,-15,-0.18145
-16,-14,-0.227975
-16,-13,-0.283016
-16,-12,-0.347099
-16,-11,-0.420438
-16,-10,-0.502813
-16,-9,-0.593434
-16,-8,-0.690812
-16,-7,-0.792652
-16,-6,-0.8958
-16,-5,-0.996283
-16,-4,-1.08948
-16,-3,-1.17044
-16,-2,-1.23438
-16,-1,-1.27721
-16,0,-1.29613
-16,1,-1.29005
-16,2,-1.25969
-16,3,-1.2075
-16,4,-1.13725
-16,5,-1.05346
-16,6,-0.960864
-16,7,-0.863942
-16,8,-0.766593
-16,9,-0.671964
-16,10,-0.582412
-16,11,-0.499541
-16,12,-0.424306
-16,13,-0.357125
-16,14,-0.298004
-16,15,-0.246648
-16,16,-0.202558
-16,17,-0.16511
-16,18,-0.133617
-16,19,-0.107373
-16,20,-0.0856892
-16,21,-0.0679133
-16,22,-0.0534449
-16,23,-0.0417409
-16,24,-0.0323174
-16,25,-0.0247477
-16,26,-0.0186572
-16,27,-0.0137168
-16,28,-0.00963486
-16,29,-0.00614864
-16,30,-0.00301483
-16,31,0
-15,-31,0
-15,-30,-0.000884457
-15,-29,-0.001941
-15,-28,-0.00330592
-15,-27,-0.0051451
-15,-26,-0.007665
-15,-25,-0.0111246
-15,-24,-0.0158474
-15,-23,-0.0222346
-15,-22,-0.0307762
-15,-21,-0.0420623
-15,-20,-0.0567902
-15,-19,-0.0757689
-15,-18,-0.0999155
-15,-17,-0.130244
-15,-16,-0.167842
-15,-15,-0.213833
-15,-14,-0.269318
-15,-13,-0.335299
-15,-12,-0.412572
-15,-11,-0.501595
-15,-10,-0.602324
-15,-9,-0.714033
-15,-8,-0.835111
-15,-7,-0.962884
-15,-6,-1.09348
-15,-5,-1.22182
-15,-4,-1.34178
-15,-3,-1.44659
-15,-2,-1.52953
-15,-1,-1.5848
-15,0,-1.60835
-15,1,-1.59864
-15,2,-1.55682
-15,3,-1.48654
-15,4,-1.39329
-15,5,-1.2835
-15,6,-1.16369
-15,7,-1.03985
-15,8,-0.916968
-15,9,-0.798909
-15,10,-0.688411
-15,11,-0.587206
-15,12,-0.496195
-15,13,-0.415633
-15,14,-0.345296
-15,15,-0.284636
-15,16,-0.232896
-15,17,-0.189207
-15,18,-0.152656
-15,19,-0.122341
-15,20,-0.0973977
-15,21,-0.0770262
-15,22,-0.0605
-15,23,-0.0471708
-15,24,-0.0364668
-15,25,-0.0278884
-15,26,-0.0210005
-15,27,-0.0154235
-15,28,-0.0108236
-15,29,-0.00690141
-15,30,-0.00338129
-15,31,0
-14,-31,0
-14,-30,-0.0010262
-14,-29,-0.00224903
-14,-28,-0.00382531
-14,-27,-0.00594551
-14,-26,-0.00884665
-14,-25,-0.0128261
-14,-24,-0.0182562
-14,-23,-0.0255992
-14,-22,-0.0354223
-14,-21,-0.0484115
-14,-20,-0.0653827
-14,-19,-0.0872896
-14,-18,-0.115224
-14,-17,-0.150411
-14,-16,-0.194183
-14,-15,-0.24795
-14,-14,-0.313138
-14,-13,-0.391103
-14,-12,-0.483018
-14,-11,-0.58971
-14,-10,-0.711459
-14,-9,-0.847754
-14,-8,-0.997003
-14,-7,-1.15623
-14,-6,-1.32082
-14,-5,-1.48437
-14,-4,-1.6388
-14,-3,-1.77484
-14,-2,-1.88298
-14,-1,-1.95479
-14,0,-1.98437
-14,1,-1.96948
-14,2,-1.91194
-14,3,-1.81726
-14,4,-1.69351
-14,5,-1.54989
-14,6,-1.39544
-14,7,-1.23807
-14,8,-1.08408
-14,9,-0.938103
-14,10,-0.803158
-14,11,-0.680969
-14,12,-0.572229
-14,13,-0.476879
-14,14,-0.394337
-14,15,-0.323693
-14,16,-0.263846
-14,17,-0.213619
-14,18,-0.171827
-14,19,-0.13733
-14,20,-0.109067
-14,21,-0.0860705
-14,22,-0.067477
-14,23,-0.0525242
-14,24,-0.0405471
-14,25,-0.03097
-14,26,-0.0232954
-14,27,-0.0170925
-14,28,-0.0119845
-14,29,-0.00763559
-14,30,-0.00373827
-14,31,0
-13,-31,0
-13,-30,-0.00116969
-13,-29,-0.00256019
-13,-28,-0.00434871
-13,-27,-0.00675015
-13,-26,-0.0100318
-13,-25,-0.0145293
-13,-24,-0.0206635
-13,-23,-0.0289582
-13,-22,-0.0400587
-13,-21,-0.0547489
-13,-20,-0.0739675
-13,-19,-0.0988207
-13,-18,-0.130589
-13,-17,-0.170725
-13,-16,-0.220841
-13,-15,-0.282678
-13,-14,-0.358053
-13,-13,-0.448773
-13,-12,-0.556511
-13,-11,-0.68263
-13,-10,-0.827941
-13,-9,-0.992384
-13,-8,-1.17463
-13,-7,-1.37161
-13,-6,-1.57803
-13,-5,-1.78599
-13,-4,-1.98492
-13,-3,-2.16208
-13,-2,-2.30391
-13,-1,-2.39803
-13,0,-2.43563
-13,1,-2.41338
-13,2,-2.33417
-13,3,-2.20642
-13,4,-2.04211
-13,5,-1.85451
-13,6,-1.6561
-13,7,-1.45726
-13,8,-1.26582
-13,9,-1.08706
-13,10,-0.924094
-13,11,-0.778395
-13,12,-0.650204
-13,13,-0.538938
-13,14,-0.443489
-13,15,-0.362453
-13,16,-0.294291
-13,17,-0.237444
-13,18,-0.190405
-13,19,-0.151767
-13,20,-0.120246
-13,21,-0.0946957
-13,22,-0.0741049
-13,23,-0.057593
-13,24,-0.0444
-13,25,-0.0338734
-13,26,-0.0254537
-13,27,-0.0186597
-13,28,-0.0130731
-13,29,-0.0083232
-13,30,-0.00407219
-13,31,0
-12,-31,0
-12,-30,-0.00130916
-12,-29,-0.00286186
-12,-28,-0.00485465
-12,-27,-0.0075256
-12,-26,-0.0111707
-12,-25,-0.0161617
-12,-24,-0.0229658
-12,-23,-0.0321657
-12,-22,-0.044482
-12,-21,-0.0607948
-12,-20,-0.0821645
-12,-19,-0.109851
-12,-18,-0.145329
-12,-17,-0.190295
-12,-16,-0.246662
-12,-15,-0.316545
-12,-14,-0.402216
-12,-13,-0.50603
-12,-12,-0.630307
-12,-11,-0.777148
-12,-10,-0.948164
-12,-9,-1.14409
-12,-8,-1.36426
-12,-7,-1.60588
-12,-6,-1.86325
-12,-5,-2.12688
-12,-4,-2.3831
-12,-3,-2.61447
-12,-2,-2.8015
-12,-1,-2.92587
-12,0,-2.97425
-12,1,-2.94164
-12,2,-2.8326
-12,3,-2.66004
-12,4,-2.44191
-12,5,-2.19735
-12,6,-1.94357
-12,7,-1.69406
-12,8,-1.4582
-12,9,-1.24168
-12,10,-1.04735
-12,11,-0.876009
-12,12,-0.727113
-12,13,-0.599277
-12,14,-0.49066
-12,15,-0.399216
-12,16,-0.322865
-12,17,-0.259596
-12,18,-0.207536
-12,19,-0.164983
-12,20,-0.130417
-12,21,-0.102502
-12,22,-0.0800766
-12,23,-0.0621435
-12,24,-0.0478489
-12,25,-0.0364662
-12,26,-0.0273775
-12,27,-0.0200545
-12,28,-0.0140406
-12,29,-0.00893353
-12,30,-0.00436817
-12,31,0
-11,-31,0
-11,-30,-0.00143795
-11,-29,-0.00313948
-11,-28,-0.00531848
-11,-27,-0.00823358
-11,-26,-0.0122062
-11,-25,-0.0176404
-11,-24,-0.0250445
-11,-23,-0.0350544
-11,-22,-0.0484592
-11,-21,-0.0662275
-11,-20,-0.0895342
-11,-19,-0.119787
-11,-18,-0.15865
-11,-17,-0.208065
-11,-16,-0.27026
-11,-15,-0.34775
-11,-14,-0.443318
-11,-13,-0.559959
-11,-12,-0.700789
-11,-11,-0.868872
-11,-10,-1.06695
-11,-9,-1.29701
-11,-8,-1.5596
-11,-7,-1.85286
-11,-6,-2.17115
-11,-5,-2.50356
-11,-4,-2.83271
-11,-3,-3.13483
-11,-2,-3.38203
-11,-1,-3.54713
-11,0,-3.61001
-11,1,-3.56305
-11,2,-3.41343
-11,3,-3.18086
-11,4,-2.89212
-11,5,-2.57478
-11,6,-2.25237
-11,7,-1.94207
-11,8,-1.6547
-11,9,-1.39586
-11,10,-1.1675
-11,11,-0.969178
-11,12,-0.7991
-11,13,-0.654749
-11,14,-0.533321
-11,15,-0.431973
-11,16,-0.347984
-11,17,-0.278838
-11,18,-0.222261
-11,19,-0.17624
-11,20,-0.139011
-11,21,-0.109054
-11,22,-0.0850619
-11,23,-0.0659258
-11,24,-0.0507057
-11,25,-0.0386084
-11,26,-0.0289638
-11,27,-0.0212027
-11,28,-0.014836
-11,29,-0.00943456
-11,30,-0.00461071
-11,31,0
-10,-31,0
-10,-30,-0.00154878
-10,-29,-0.00337725
-10,-28,-0.00571345
-10,-27,-0.00883269
-10,-26,-0.0130769
-10,-25,-0.0188762
-10,-24,-0.0267721
-10,-23,-0.0374443
-10,-22,-0.0517387
-10,-21,-0.0706988
-10,-20,-0.0955986
-10,-19,-0.127977
-10,-18,-0.169672
-10,-17,-0.222856
-10,-16,-0.290066
-10,-15,-0.374224
-10,-14,-0.478653
-10,-13,-0.607059
-10,-12,-0.763482
-10,-11,-0.952178
-10,-10,-1.17738
-10,-9,-1.44285
-10,-8,-1.7511
-10,-7,-2.10206
-10,-6,-2.491
-10,-5,-2.90601
-10,-4,-3.32551
-10,-3,-3.71757
-10,-2,-4.04277
-10,-1,-4.26135
-10,0,-4.34326
-10,1,-4.27713
-10,2,-4.07389
-10,3,-3.76319
-10,4,-3.38441
-10,5,-2.97666
-10,6,-2.5716
-10,7,-2.19063
-10,8,-1.84558
-10,9,-1.54114
-10,10,-1.27743
-10,11,-1.05208
-10,12,-0.861495
-10,13,-0.701662
-10,14,-0.56858
-10,15,-0.458477
-10,16,-0.367917
-10,17,-0.29384
-10,18,-0.233561
-10,19,-0.184759
-10,20,-0.145439
-10,21,-0.113905
-10,22,-0.0887235
-10,23,-0.0686863
-10,24,-0.052781
-10,25,-0.0401593
-10,26,-0.0301096
-10,27,-0.0220307
-10,28,-0.0154086
-10,29,-0.00979448
-10,30,-0.00478446
-10,31,0
-9,-31,0
-9,-30,-0.00163419
-9,-29,-0.00355901
-9,-28,-0.00601233
-9,-27,-0.00928084
-9,-26,-0.0137204
-9,-25,-0.0197785
-9,-24,-0.0280196
-9,-23,-0.0391532
-9,-22,-0.0540656
-9,-21,-0.0738547
-9,-20,-0.0998694
-9,-19,-0.133751
-9,-18,-0.177482
-9,-17,-0.233432
-9,-16,-0.304413
-9,-15,-0.393731
-9,-14,-0.505241
-9,-13,-0.643382
-9,-12,-0.8132
-9,-11,-1.02032
-9,-10,-1.27078
-9,-9,-1.57067
-9,-8,-1.92527
-9,-7,-2.33733
-9,-6,-2.8042
-9,-5,-3.31366
-9,-4,-3.83975
-9,-3,-4.34062
-9,-2,-4.76195
-9,-1,-5.04721
-9,0,-5.15291
-9,1,-5.06252
-9,2,-4.79215
-9,3,-4.38491
-9,4,-3.89695
-9,5,-3.3823
-9,6,-2.88255
-9,7,-2.42349
-9,8,-2.01724
-9,9,-1.66642
-9,10,-1.36834
-9,11,-1.11783
-9,12,-0.908971
-9,13,-0.735928
-9,14,-0.593322
-9,15,-0.476363
-9,16,-0.380872
-9,17,-0.303248
-9,18,-0.240416
-9,19,-0.189773
-9,20,-0.149123
-9,21,-0.116624
-9,22,-0.0907377
-9,23,-0.0701834
-9,24,-0.0538951
-9,25,-0.0409863
-9,26,-0.0307179
-9,27,-0.0224689
-9,28,-0.0157107
-9,29,-0.00998359
-9,30,-0.0048751
-9,31,0
-8,-31,0
-8,-30,-0.00168703
-8,-29,-0.0036693
-8,-28,-0.00618914
-8,-27,-0.00953811
-8,-26,-0.0140777
-8,-25,-0.0202623
-8,-24,-0.0286655
-8,-23,-0.0400097
-8,-22,-0.0551997
-8,-21,-0.0753609
-8,-20,-0.101883
-8,-19,-0.136472
-8,-18,-0.181202
-8,-17,-0.238589
-8,-16,-0.311656
-8,-15,-0.404029
-8,-14,-0.52003
-8,-13,-0.664783
-8,-12,-0.844332
-8,-11,-1.06572
-8,-10,-1.33701
-8,-9,-1.66702
-8,-8,-2.06446
-8,-7,-2.53595
-8,-6,-3.08206
-8,-5,-3.69133
-8,-4,-4.33359
-8,-3,-4.95595
-8,-2,-5.48649
-8,-1,-5.84833
-8,0,-5.98143
-8,1,-5.86285
-8,2,-5.51514
-8,3,-4.99797
-8,4,-4.38787
-8,5,-3.7565
-8,6,-3.15649
-8,7,-2.61786
-8,8,-2.15196
-8,9,-1.7582
-8,10,-1.43002
-8,11,-1.15878
-8,12,-0.935839
-8,13,-0.753324
-8,14,-0.604416
-8,15,-0.483312
-8,16,-0.385131
-8,17,-0.305789
-8,18,-0.241882
-8,19,-0.190582
-8,20,-0.149542
-8,21,-0.116822
-8,22,-0.0908172
-8,23,-0.0702042
-8,24,-0.0538904
-8,25,-0.0409735
-8,26,-0.0307045
-8,27,-0.0224575
-8,28,-0.0157015
-8,29,-0.00997627
-8,30,-0.00487031
-8,31,0
-7,-31,0
-7,-30,-0.001701
-7,-29,-0.00369453
-7,-28,-0.0062212
-7,-27,-0.00956977
-7,-26,-0.0140977
-7,-25,-0.020254
-7,-24,-0.0286056
-7,-23,-0.0398671
-7,-22,-0.0549355
-7,-21,-0.0749307
-7,-20,-0.101242
-7,-19,-0.135585
-7,-18,-0.180067
-7,-17,-0.237263
-7,-16,-0.31032
-7,-15,-0.403066
-7,-14,-0.520163
-7,-13,-0.667282
-7,-12,-0.851317
-7,-11,-1.08063
-7,-10,-1.36522
-7,-9,-1.71674
-7,-8,-2.14765
-7,-7,-2.66903
-7,-6,-3.28556
-7,-5,-3.98759
-7,-4,-4.74155
-7,-3,-5.48368
-7,-2,-6.12375
-7,-1,-6.56321
-7,0,-6.72412
-7,1,-6.57661
-7,2,-6.1502
-7,3,-5.52247
-7,4,-4.7917
-7,5,-4.04783
-7,6,-3.35442
-7,7,-2.74486
-7,8,-2.22874
-7,9,-1.80133
-7,10,-1.45161
-7,11,-1.16717
-7,12,-0.936536
-7,13,-0.749862
-7,14,-0.598995
-7,15,-0.477257
-7,16,-0.379199
-7,17,-0.300379
-7,18,-0.23717
-7,19,-0.186609
-7,20,-0.146276
-7,21,-0.114191
-7,22,-0.088735
-7,23,-0.0685816
-7,24,-0.0526445
-7,25,-0.0400311
-7,26,-0.0300043
-7,27,-0.02195
-7,28,-0.0153491
-7,29,-0.00975283
-7,30,-0.00476063
-7,31,0
-6,-31,0
-6,-30,-0.00167114
-6,-29,-0.00362417
-6,-28,-0.00609105
-6,-27,-0.00934938
-6,-26,-0.013742
-6,-25,-0.0196989
-6,-24,-0.0277626
-6,-23,-0.0386171
-6,-22,-0.0531222
-6,-21,-0.072354
-6,-20,-0.0976529
-6,-19,-0.130682
-6,-18,-0.173499
-6,-17,-0.228645
-6,-16,-0.299257
-6,-15,-0.38921
-6,-14,-0.503306
-6,-13,-0.647515
-6,-12,-0.829288
-6,-11,-1.05794
-6,-10,-1.34505
-6,-9,-1.70464
-6,-8,-2.15261
-6,-7,-2.7043
-6,-6,-3.36871
-6,-5,-4.13869
-6,-4,-4.97877
-6,-3,-5.81647
-6,-2,-6.54594
-6,-1,-7.04955
-6,0,-7.23344
-6,1,-7.06152
-6,2,-6.56957
-6,3,-5.85116
-6,4,-5.02363
-6,5,-4.19262
-6,6,-3.4304
-6,7,-2.77231
-6,8,-2.22542
-6,9,-1.78069
-6,10,-1.42282
-6,11,-1.13598
-6,12,-0.906268
-6,13,-0.722247
-6,14,-0.574784
-6,15,-0.456617
-6,16,-0.361973
-6,17,-0.286243
-6,18,-0.225732
-6,19,-0.177466
-6,20,-0.139047
-6,21,-0.108532
-6,22,-0.0843468
-6,23,-0.0652108
-6,24,-0.0500809
-6,25,-0.0381037
-6,26,-0.0285772
-6,27,-0.0209182
-6,28,-0.0146344
-6,29,-0.00930129
-6,30,-0.00454033
-6,31,0
-5,-31,0
-5,-30,-0.00159439
-5,-29,-0.00345174
-5,-28,-0.00578821
-5,-27,-0.00886148
-5,-26,-0.0129887
-5,-25,-0.0185667
-5,-24,-0.0260949
-5,-23,-0.0362027
-5,-22,-0.0496814
-5,-21,-0.0675222
-5,-20,-0.0909632
-5,-19,-0.121547
-5,-18,-0.161193
-5,-17,-0.212288
-5,-16,-0.277809
-5,-15,-0.36148
-5,-14,-0.467982
-5,-13,-0.603239
-5,-12,-0.774806
-5,-11,-0.992359
-5,-10,-1.26826
-5,-9,-1.61795
-5,-8,-2.0596
-5,-7,-2.61161
-5,-6,-3.28649
-5,-5,-4.07978
-5,-4,-4.95613
-5,-3,-5.83884
-5,-2,-6.61317
-5,-1,-7.15004
-5,0,-7.34574
-5,1,-7.1603
-5,2,-6.63344
-5,3,-5.8686
-5,4,-4.99465
-5,5,-4.12614
-5,6,-3.33957
-5,7,-2.67021
-5,8,-2.12242
-5,9,-1.68369
-5,10,-1.3356
-5,11,-1.06007
-5,12,-0.841744
-5,13,-0.668374
-5,14,-0.530434
-5,15,-0.42053
-5,16,-0.332899
-5,17,-0.263025
-5,18,-0.207338
-5,19,-0.163004
-5,20,-0.127757
-5,21,-0.0997797
-5,22,-0.0776093
-5,23,-0.0600625
-5,24,-0.0461793
-5,25,-0.0351771
-5,26,-0.0264133
-5,27,-0.0193548
-5,28,-0.0135525
-5,29,-0.00861869
-5,30,-0.00420803
-5,31,0
-4,-31,0
-4,-30,-0.00146989
-4,-29,-0.00317567
-4,-28,-0.00531053
-4,-27,-0.00810362
-4,-26,-0.0118355
-4,-25,-0.0168557
-4,-24,-0.0236026
-4,-23,-0.0326269
-4,-22,-0.0446198
-4,-21,-0.0604471
-4,-20,-0.0811907
-4,-19,-0.108201
-4,-18,-0.143166
-4,-17,-0.188195
-4,-16,-0.245939
-4,-15,-0.319746
-4,-14,-0.413874
-4,-13,-0.53379
-4,-12,-0.686579
-4,-11,-0.881487
-4,-10,-1.13057
-4,-9,-1.44921
-4,-8,-1.85594
-4,-7,-2.37016
-4,-6,-3.00603
-4,-5,-3.76143
-4,-4,-4.60355
-4,-3,-5.45796
-4,-2,-6.2114
-4,-1,-6.73535
-4,0,-6.92611
-4,1,-6.74366
-4,2,-6.22783
-4,3,-5.4821
-4,4,-4.63483
-4,5,-3.79912
-4,6,-3.04926
-4,7,-2.41796
-4,8,-1.9073
-4,9,-1.50308
-4,10,-1.1859
-4,11,-0.937276
-4,12,-0.741894
-4,13,-0.587788
-4,14,-0.465825
-4,15,-0.369042
-4,16,-0.2921
-4,17,-0.230872
-4,18,-0.182135
-4,19,-0.143352
-4,20,-0.112515
-4,21,-0.0880237
-4,22,-0.0685935
-4,23,-0.0531916
-4,24,-0.0409815
-4,25,-0.0312822
-4,26,-0.0235351
-4,27,-0.0172763
-4,28,-0.0121146
-4,29,-0.00771201
-4,30,-0.00376712
-4,31,0
-3,-31,0
-3,-30,-0.00129926
-3,-29,-0.00279972
-3,-28,-0.00466497
-3,-27,-0.00708759
-3,-26,-0.0103015
-3,-25,-0.014596
-3,-24,-0.0203312
-3,-23,-0.0279575
-3,-22,-0.038037
-3,-21,-0.0512715
-3,-20,-0.0685364
-3,-19,-0.0909235
-3,-18,-0.119798
-3,-17,-0.156872
-3,-16,-0.204307
-3,-15,-0.26485
-3,-14,-0.342026
-3,-13,-0.440408
-3,-12,-0.565993
-3,-11,-0.726718
-3,-10,-0.933073
-3,-9,-1.19865
-3,-8,-1.54007
-3,-7,-1.97505
-3,-6,-2.5171
-3,-5,-3.1656
-3,-4,-3.89289
-3,-3,-4.6343
-3,-2,-5.2903
-3,-1,-5.74735
-3,0,-5.91358
-3,1,-5.75352
-3,2,-5.30251
-3,3,-4.65226
-3,4,-3.9162
-3,5,-3.19373
-3,6,-2.54946
-3,7,-2.01095
-3,8,-1.57877
-3,9,-1.23939
-3,10,-0.975089
-3,11,-0.769273
-3,12,-0.608388
-3,13,-0.482002
-3,14,-0.382255
-3,15,-0.303232
-3,16,-0.240452
-3,17,-0.190483
-3,18,-0.15067
-3,19,-0.118938
-3,20,-0.0936518
-3,21,-0.0735147
-3,22,-0.057489
-3,23,-0.0447403
-3,24,-0.0345932
-3,25,-0.0264972
-3,26,-0.0199994
-3,27,-0.0147227
-3,28,-0.010348
-3,29,-0.00659834
-3,30,-0.00322587
-3,31,0
-2,-31,0
-2,-30,-0.00108662
-2,-29,-0.00233311
-2,-28,-0.00386768
-2,-27,-0.00583943
-2,-26,-0.00842702
-2,-25,-0.0118483
-2,-24,-0.0163713
-2,-23,-0.0223269
-2,-22,-0.0301239
-2,-21,-0.0402677
-2,-20,-0.053384
-2,-19,-0.0702487
-2,-18,-0.0918278
-2,-17,-0.119331
-2,-16,-0.154286
-2,-15,-0.198639
-2,-14,-0.254901
-2,-13,-0.326351
-2,-12,-0.417328
-2,-11,-0.533622
-2,-10,-0.682969
-2,-9,-0.875488
-2,-8,-1.12365
-2,-7,-1.44093
-2,-6,-1.8378
-2,-5,-2.31431
-2,-4,-2.85041
-2,-3,-3.39826
-2,-2,-3.88384
-2,-1,-4.22244
-2,0,-4.34545
-2,1,-4.22634
-2,2,-3.89155
-2,3,-3.40963
-2,4,-2.86522
-2,5,-2.33227
-2,6,-1.85856
-2,7,-1.46411
-2,8,-1.14881
-2,9,-0.902176
-2,10,-0.710724
-2,11,-0.561979
-2,12,-0.445839
-2,13,-0.354593
-2,14,-0.282487
-2,15,-0.225226
-2,16,-0.179583
-2,17,-0.1431
-2,18,-0.113889
-2,19,-0.0904762
-2,20,-0.0717058
-2,21,-0.0566588
-2,22,-0.0445996
-2,23,-0.0349349
-2,24,-0.0271819
-2,25,-0.0209447
-2,26,-0.015895
-2,27,-0.0117573
-2,28,-0.0082959
-2,29,-0.00530452
-2,30,-0.00259721
-2,31,0
-1,-31,0
-1,-30,-0.000838428
-1,-29,-0.00179012
-1,-28,-0.00294338
-1,-27,-0.00439842
-1,-26,-0.006272
-1,-25,-0.00870235
-1,-24,-0.0118544
-1,-23,-0.0159259
-1,-22,-0.021154
-1,-21,-0.0278242
-1,-20,-0.0362811
-1,-19,-0.0469422
-1,-18,-0.0603178
-1,-17,-0.0770376
-1,-16,-0.0978879
-1,-15,-0.123866
-1,-14,-0.156255
-1,-13,-0.196738
-1,-12,-0.24755
-1,-11,-0.311698
-1,-10,-0.393229
-1,-9,-0.497477
-1,-8,-0.631063
-1,-7,-0.801173
-1,-6,-1.01344
-1,-5,-1.26799
-1,-4,-1.55419
-1,-3,-1.84658
-1,-2,-2.1057
-1,-1,-2.2863
-1,0,-2.35173
-1,1,-2.28783
-1,2,-2.10876
-1,3,-1.85115
-1,4,-1.56021
-1,5,-1.27542
-1,6,-1.0222
-1,7,-0.811169
-1,8,-0.642179
-1,9,-0.509576
-1,10,-0.406153
-1,11,-0.325272
-1,12,-0.261585
-1,13,-0.211036
-1,14,-0.170617
-1,15,-0.138093
-1,16,-0.111794
-1,17,-0.0904506
-1,18,-0.0730865
-1,19,-0.0589389
-1,20,-0.0474041
-1,21,-0.0379983
-1,22,-0.0303292
-1,23,-0.0240749
-1,24,-0.0189687
-1,25,-0.0147869
-1,26,-0.0113397
-1,27,-0.00846352
-1,28,-0.00601508
-1,29,-0.00386599
-1,30,-0.00189822
-1,31,0
0,-31,0
0,-30,-0.000563155
0,-29,-0.00118937
0,-28,-0.00192399
0,-27,-0.00281485
0,-26,-0.00391269
0,-25,-0.00527095
0,-24,-0.00694521
0,-23,-0.00899195
0,-22,-0.0114667
0,-21,-0.0144219
0,-20,-0.0179036
0,-19,-0.0219487
0,-18,-0.0265815
0,-17,-0.03181
0,-16,-0.0376232
0,-15,-0.0439885
0,-14,-0.0508499
0,-13,-0.0581271
0,-12,-0.0657165
0,-11,-0.0734928
0,-10,-0.0813118
0,-9,-0.0890154
0,-8,-0.0964364
0,-7,-0.103405
0,-6,-0.109756
0,-5,-0.115335
0,-4,-0.120003
0,-3,-0.123646
0,-2,-0.126178
0,-1,-0.127542
0,0,-0.127716
0,1,-0.12671
0,2,-0.124567
0,3,-0.121358
0,4,-0.117182
0,5,-0.112157
0,6,-0.106418
0,7,-0.10011
0,8,-0.093379
0,9,-0.0863742
0,10,-0.0792364
0,11,-0.0720964
0,12,-0.0650719
0,13,-0.0582646
0,14,-0.051759
0,15,-0.0456218
0,16,-0.0399019
0,17,-0.0346315
0,18,-0.0298272
0,19,-0.0254918
0,20,-0.0216162
0,21,-0.0181812
0,22,-0.0151595
0,23,-0.0125177
0,24,-0.0102175
0,25,-0.00821736
0,26,-0.00647357
0,27,-0.00494093
0,28,-0.00357352
0,29,-0.0023251
0,30,-0.00114932
0,31,0
1,-31,0
1,-30,-0.000270766
1,-29,-0.000552655
1,-28,-0.000846697
1,-27,-0.001147
1,-26,-0.00143678
1,-25,-0.00168326
1,-24,-0.00183109
1,-23,-0.00179407
1,-22,-0.00144456
1,-21,-0.000600395
1,-20,0.000991616
1,-19,0.00367622
1,-18,0.00791576
1,-17,0.0143236
1,-16,0.0237076
1,-15,0.0371291
1,-14,0.0559824
1,-13,0.0821067
1,-12,0.117943
1,-11,0.166744
1,-10,0.232843
1,-9,0.321885
1,-8,0.44082
1,-7,0.597169
1,-6,0.796895
1,-5,1.04042
1,-4,1.31739
1,-3,1.60259
1,-2,1.85669
1,-1,2.03458
1,0,2.09966
1,1,2.03774
1,2,1.86288
1,3,1.61159
1,4,1.32888
1,5,1.054
1,6,0.812103
1,7,0.613516
1,8,0.457807
1,9,0.339026
1,10,0.24969
1,11,0.182901
1,12,0.13308
1,13,0.0959696
1,14,0.0683934
1,15,0.0479869
1,16,0.0329817
1,17,0.0220454
1,18,0.0141684
1,19,0.00858247
1,20,0.00470183
1,21,0.00208043
1,22,0.000379569
1,23,-0.000656424
1,24,-0.00121892
1,25,-0.00144958
1,26,-0.00145182
1,27,-0.00129997
1,28,-0.00104667
1,29,-0.000728917
1,30,-0.000373198
1,31,0
2,-31,0
2,-30,2.79042e-05
2,-29,9.64219e-05
2,-28,0.000248397
2,-27,0.000542684
2,-26,0.00106222
2,-25,0.00192387
2,-24,0.00329049
2,-23,0.00538599
2,-22,0.00851384
2,-21,0.0130802
2,-20,0.0196228
2,-19,0.028847
2,-18,0.0416723
2,-17,0.0592923
2,-16,0.0832541
2,-15,0.115565
2,-14,0.158842
2,-13,0.216514
2,-12,0.293114
2,-11,0.394673
2,-10,0.529195
2,-9,0.7071
2,-8,0.941181
2,-7,1.24522
2,-6,1.63001
2,-5,2.09592
2,-4,2.62311
2,-3,3.16401
2,-2,3.64474
2,-1,3.9807
2,0,4.10332
2,1,3.98607
2,2,3.65529
2,3,3.17941
2,4,2.64287
2,5,2.11942
2,6,1.65656
2,7,1.27405
2,8,0.971495
2,9,0.738129
2,10,0.560205
2,11,0.424999
2,12,0.322183
2,13,0.243853
2,14,0.184095
2,15,0.138486
2,16,0.103704
2,17,0.0772331
2,18,0.0571494
2,19,0.041976
2,20,0.0305725
2,21,0.0220562
2,22,0.0157431
2,23,0.0111032
2,24,0.00772616
2,25,0.00529485
2,26,0.00356415
2,27,0.0023442
2,28,0.00148665
2,29,0.000873308
2,30,0.000406398
2,31,0
3,-31,0
3,-30,0.000321846
3,-29,0.000733935
3,-28,0.00132086
3,-27,0.00219157
3,-26,0.00349115
3,-25,0.0054149
3,-24,0.00822531
3,-23,0.0122728
3,-22,0.0180214
3,-21,0.0260799
3,-20,0.0372409
3,-19,0.0525302
3,-18,0.0732685
3,-17,0.101152
3,-16,0.138359
3,-15,0.187693
3,-14,0.252774
3,-13,0.338315
3,-12,0.450495
3,-11,0.59747
3,-10,0.789984
3,-9,1.04191
3,-8,1.37016
3,-7,1.79276
3,-6,2.32349
3,-5,2.96203
3,-4,3.68097
3,-3,4.41582
3,-2,5.06723
3,-1,5.52174
3,0,5.68755
3,1,5.52915
3,2,5.08183
3,3,4.43716
3,4,3.7084
3,5,2.99475
3,6,2.36057
3,7,1.83318
3,8,1.41288
3,9,1.08588
3,10,0.834201
3,11,0.641026
3,12,0.492589
3,13,0.378274
3,14,0.290071
3,15,0.221947
3,16,0.16933
3,17,0.128731
3,18,0.0974634
3,19,0.0734471
3,20,0.0550625
3,21,0.0410452
3,22,0.0304055
3,23,0.022368
3,24,0.0163248
3,25,0.0117992
3,26,0.00841582
3,27,0.0058781
3,28,0.00394852
3,29,0.00243278
3,30,0.00116589
3,31,0
4,-31,0
4,-30,0.000600555
4,-29,0.00133715
4,-28,0.00233245
4,-27,0.00374078
4,-26,0.00576306
4,-25,0.00866437
4,-24,0.012795
4,-23,0.0186157
4,-22,0.0267287
4,-21,0.0379154
4,-20,0.0531825
4,-19,0.0738199
4,-18,0.101473
4,-17,0.138237
4,-16,0.186776
4,-15,0.250485
4,-14,0.33371
4,-13,0.44204
4,-12,0.582724
4,-11,0.765204
4,-10,1.00176
4,-9,1.30804
4,-8,1.70283
4,-7,2.20579
4,-6,2.83138
4,-5,3.57771
4,-4,4.41219
4,-3,5.26058
4,-2,6.00978
4,-1,6.53135
4,0,6.72164
4,1,6.54061
4,2,6.02802
4,3,5.28726
4,4,4.44652
4,5,3.61873
4,6,2.87795
4,7,2.25668
4,8,1.75674
4,9,1.36369
4,10,1.05793
4,11,0.820748
4,12,0.636638
4,13,0.493472
4,14,0.381976
4,15,0.295079
4,16,0.227364
4,17,0.174645
4,18,0.133673
4,19,0.101904
4,20,0.0773436
4,21,0.0584198
4,22,0.0438921
4,23,0.0327802
4,24,0.0243088
4,25,0.0178635
4,26,0.0129562
4,27,0.00919597
4,28,0.00626604
4,29,0.0039037
4,30,0.00188312
4,31,0
5,-31,0
5,-30,0.000854662
5,-29,0.00188586
5,-28,0.0032494
5,-27,0.00513875
5,-26,0.00780245
5,-25,0.0115644
5,-24,0.0168477
5,-23,0.0242036
5,-22,0.0343457
5,-21,0.0481913
5,-20,0.0669122
5,-19,0.0919968
5,-18,0.125327
5,-17,0.169274
5,-16,0.226825
5,-15,0.301743
5,-14,0.398782
5,-13,0.523972
5,-12,0.685007
5,-11,0.891731
5,-10,1.1567
5,-9,1.4956
5,-8,1.92679
5,-7,2.46894
5,-6,3.13477
5,-5,3.92007
5,-4,4.78965
5,-3,5.66701
5,-2,6.43754
5,-1,6.97221
5,0,7.16737
5,1,6.98306
5,2,6.45893
5,3,5.69833
5,4,4.82999
5,5,3.9683
5,6,3.1896
5,7,2.52893
5,8,1.99046
5,9,1.56146
5,10,1.22332
5,11,0.957776
5,12,0.749293
5,13,0.585489
5,14,0.45671
5,15,0.355466
5,16,0.275923
5,17,0.213514
5,18,0.164644
5,19,0.126471
5,20,0.0967409
5,21,0.0736615
5,22,0.0558059
5,23,0.0420372
5,24,0.0314485
5,25,0.0233156
5,26,0.0170574
5,27,0.0122052
5,28,0.00837496
5,29,0.00524557
5,30,0.00253844
5,31,0
6,-31,0
6,-30,0.00107644
6,-29,0.0023635
6,-28,0.00404424
6,-27,0.00634395
6,-26,0.00954929
6,-25,0.0140304
6,-24,0.0202666
6,-23,0.0288772
6,-22,0.0406571
6,-21,0.0566203
6,-20,0.0780512
6,-19,0.106567
6,-18,0.144191
6,-17,0.19345
6,-16,0.257486
6,-15,0.340206
6,-14,0.446468
6,-13,0.582328
6,-12,0.755349
6,-11,0.974986
6,-10,1.25298
6,-9,1.60353
6,-8,2.04275
6,-7,2.58614
6,-6,3.24293
6,-5,4.00614
6,-4,4.84047
6,-3,5.67358
6,-2,6.39973
6,-1,6.90137
6,0,7.08468
6,1,6.91356
6,2,6.42375
6,3,5.70875
6,4,4.8858
6,5,4.06039
6,6,3.30464
6,7,2.65374
6,8,2.11458
6,9,1.67795
6,10,1.32837
6,11,1.04986
6,12,0.828378
6,13,0.652365
6,14,0.51258
6,15,0.401681
6,16,0.313831
6,17,0.244378
6,18,0.189605
6,19,0.146532
6,20,0.112766
6,21,0.0863859
6,22,0.0658465
6,23,0.0499057
6,24,0.0375645
6,25,0.0280182
6,26,0.0206167
6,27,0.0148304
6,28,0.0102227
6,29,0.00642497
6,30,0.00311557
6,31,0
7,-31,0
7,-30,0.00126017
7,-29,0.00275789
7,-28,0.00469703
7,-27,0.00732675
7,-26,0.0109617
7,-25,0.0160048
7,-24,0.0229743
7,-23,0.0325342
7,-22,0.0455307
7,-21,0.0630344
7,-20,0.0863899
7,-19,0.117274
7,-18,0.157766
7,-17,0.210428
7,-16,0.278406
7,-15,0.365551
7,-14,0.476565
7,-13,0.617182
7,-12,0.794383
7,-11,1.01663
7,-10,1.29407
7,-9,1.63846
7,-8,2.06244
7,-7,2.57723
7,-6,3.18768
7,-5,3.88426
7,-4,4.63356
7,-3,5.37193
7,-2,6.00924
7,-1,6.44698
7,0,6.60726
7,1,6.46021
7,2,6.03532
7,3,5.41014
7,4,4.68282
7,5,3.94325
7,6,3.25483
7,7,2.65085
7,8,2.14075
7,9,1.71966
7,10,1.37644
7,11,1.09856
7,12,0.87441
7,13,0.69406
7,14,0.549269
7,15,0.433292
7,16,0.34063
7,17,0.266804
7,18,0.208166
7,19,0.161748
7,20,0.125133
7,21,0.0963558
7,22,0.0738203
7,23,0.05623
7,24,0.0425331
7,25,0.0318751
7,26,0.0235599
7,27,0.0170166
7,28,0.0117701
7,29,0.00741688
7,30,0.00360226
7,31,0
8,-31,0
8,-30,0.00140232
8,-29,0.00306163
8,-28,0.00519596
8,-27,0.00807027
8,-26,0.0120168
8,-25,0.0174583
8,-24,0.0249343
8,-23,0.0351314
8,-22,0.0489178
8,-21,0.0673832
8,-20,0.0918843
8,-19,0.124096
8,-18,0.166073
8,-17,0.220315
8,-16,0.289844
8,-15,0.378296
8,-14,0.490018
8,-13,0.630177
8,-12,0.804871
8,-11,1.02122
8,-10,1.28737
8,-9,1.61223
8,-8,2.00464
8,-7,2.47132
8,-6,3.01293
8,-5,3.61816
8,-4,4.2569
8,-3,4.87638
8,-2,5.40473
8,-1,5.76514
8,0,5.89757
8,1,5.77912
8,2,5.43231
8,3,4.91678
8,4,4.30901
8,5,3.68058
8,6,3.08404
8,7,2.54933
8,8,2.08768
8,9,1.69842
8,10,1.37489
8,11,1.10836
8,12,0.890098
8,13,0.712163
8,14,0.56767
8,15,0.450765
8,16,0.356528
8,17,0.280846
8,18,0.220298
8,19,0.172049
8,20,0.133754
8,21,0.103481
8,22,0.0796426
8,23,0.0609345
8,24,0.0462894
8,25,0.0348321
8,26,0.0258439
8,27,0.0187302
8,28,0.0129928
8,29,0.00820536
8,30,0.0039906
8,31,0
9,-31,0
9,-30,0.00150156
9,-29,0.0032721
9,-28,0.00553735
9,-27,0.00857017
9,-26,0.0127107
9,-25,0.0183887
9,-24,0.0261493
9,-23,0.0366808
9,-22,0.0508475
9,-21,0.0697249
9,-20,0.09464
9,-19,0.127214
9,-18,0.169413
9,-17,0.223593
9,-16,0.292561
9,-15,0.379626
9,-14,0.488648
9,-13,0.624089
9,-12,0.791023
9,-11,0.995111
9,-10,1.24245
9,-9,1.53918
9,-8,1.89064
9,-7,2.29966
9,-6,2.76364
9,-5,3.27046
9,-4,3.79419
9,-3,4.29307
9,-2,4.71282
9,-1,4.99693
9,0,5.10196
9,1,5.01139
9,2,4.74132
9,3,4.33484
9,4,3.84808
9,5,3.33504
9,6,2.83724
9,7,2.38045
9,8,1.9767
9,9,1.62857
9,10,1.33329
9,11,1.08565
9,12,0.879669
9,13,0.709462
9,14,0.569609
9,15,0.455286
9,16,0.362284
9,17,0.286983
9,18,0.226294
9,19,0.177607
9,20,0.138724
9,21,0.107809
9,22,0.0833306
9,23,0.0640195
9,24,0.0488247
9,25,0.0368768
9,26,0.0274552
9,27,0.0199591
9,28,0.013881
9,29,0.00878353
9,30,0.00427705
9,31,0
10,-31,0
10,-30,0.00155864
10,-29,0.00339118
10,-28,0.005725
10,-27,0.00883364
10,-26,0.0130561
10,-25,0.0188183
10,-24,0.0266563
10,-23,0.0372427
10,-22,0.0514154
10,-21,0.0702084
10,-20,0.0948851
10,-19,0.126974
10,-18,0.168301
10,-17,0.221029
10,-16,0.287684
10,-15,0.371182
10,-14,0.47484
10,-13,0.602365
10,-12,0.757798
10,-11,0.945403
10,-10,1.16942
10,-9,1.43365
10,-8,1.7406
10,-7,2.09023
10,-6,2.47786
10,-5,2.89158
10,-4,3.30986
10,-3,3.70081
10,-2,4.02503
10,-1,4.24277
10,0,4.32402
10,1,4.25742
10,2,4.05392
10,3,3.74316
10,4,3.36452
10,5,2.9571
10,6,2.55256
10,7,2.17227
10,8,1.82804
10,9,1.52453
10,10,1.26186
10,11,1.0376
10,12,0.848149
10,13,0.689466
10,14,0.55753
10,15,0.448548
10,16,0.359069
10,17,0.286018
10,18,0.226703
10,19,0.178794
10,20,0.140293
10,21,0.109503
10,22,0.0849912
10,23,0.0655531
10,24,0.0501815
10,25,0.0380345
10,26,0.0284085
10,27,0.0207112
10,28,0.0144387
10,29,0.00915317
10,30,0.00446225
10,31,0
11,-31,0
11,-30,0.00157608
11,-29,0.00342459
11,-28,0.00576915
11,-27,0.00887767
11,-26,0.0130803
11,-25,0.0187894
11,-24,0.0265204
11,-23,0.0369156
11,-22,0.0507689
11,-21,0.0690514
11,-20,0.0929387
11,-19,0.123836
11,-18,0.163402
11,-17,0.213569
11,-16,0.276555
11,-15,0.354858
11,-14,0.451244
11,-13,0.56869
11,-12,0.710287
11,-11,0.879081
11,-10,1.07779
11,-9,1.30839
11,-8,1.5714
11,-7,1.86495
11,-6,2.18339
11,-5,2.51581
11,-4,2.84482
11,-3,3.14667
11,-2,3.39347
11,-1,3.55805
11,0,3.6203
11,1,3.57264
11,2,3.42225
11,3,3.18887
11,4,2.8993
11,5,2.58113
11,6,2.2579
11,7,1.94681
11,8,1.6587
11,9,1.39918
11,10,1.17019
11,11,0.971313
11,12,0.800744
11,13,0.65597
11,14,0.534184
11,15,0.43254
11,16,0.348311
11,17,0.278976
11,18,0.222254
11,19,0.176127
11,20,0.138825
11,21,0.10882
11,22,0.0848033
11,23,0.0656592
11,24,0.0504445
11,25,0.038363
11,26,0.0287423
11,27,0.0210119
11,28,0.0146819
11,29,0.00932369
11,30,0.00455054
11,31,0
12,-31,0
12,-30,0.00155788
12,-29,0.00338113
12,-28,0.00568512
12,-27,0.00872682
12,-26,0.0128213
12,-25,0.0183595
12,-24,0.0258272
12,-23,0.0358254
12,-22,0.0490908
12,-21,0.0665174
12,-20,0.089176
12,-19,0.118332
12,-18,0.155461
12,-17,0.202251
12,-16,0.260603
12,-15,0.332611
12,-14,0.420517
12,-13,0.526642
12,-12,0.653262
12,-11,0.802431
12,-10,0.97571
12,-9,1.17378
12,-8,1.39592
12,-7,1.6393
12,-6,1.89816
12,-5,2.16298
12,-4,2.42007
12,-3,2.65195
12,-2,2.83913
12,-1,2.96328
12,0,3.0111
12,1,2.97759
12,2,2.86737
12,3,2.69335
12,4,2.47353
12,5,2.22711
12,6,1.97133
12,7,1.71972
12,8,1.48172
12,9,1.26306
12,10,1.06662
12,11,0.893235
12,12,0.742383
12,13,0.612702
12,14,0.502368
12,15,0.409344
12,16,0.331556
12,17,0.266994
12,18,0.213784
12,19,0.170217
12,20,0.134765
12,21,0.106082
12,22,0.0829987
12,23,0.0645036
12,24,0.0497319
12,25,0.0379454
12,26,0.0285147
12,27,0.0209007
12,28,0.0146367
12,29,0.00931086
12,30,0.00454937
12,31,0
13,-31,0
13,-30,0.00150904
13,-29,0.00327179
13,-28,0.00549179
13,-27,0.0084109
13,-26,0.0123242
13,-25,0.0175957
13,-24,0.0246749
13,-23,0.0341136
13,-22,0.0465835
13,-21,0.062892
13,-20,0.083997
13,-19,0.111017
13,-18,0.145239
13,-17,0.18811
13,-16,0.241229
13,-15,0.306312
13,-14,0.385135
13,-13,0.479458
13,-12,0.590895
13,-11,0.720738
13,-10,0.869722
13,-9,1.03771
13,-8,1.22329
13,-7,1.4233
13,-6,1.6324
13,-5,1.84259
13,-4,2.04326
13,-3,2.22164
13,-2,2.36412
13,-1,2.45833
13,0,2.49544
13,1,2.47217
13,2,2.39143
13,3,2.26168
13,4,2.09498
13,5,1.90464
13,6,1.70321
13,7,1.50117
13,8,1.30639
13,9,1.12423
13,10,0.957873
13,11,0.808839
13,12,0.677421
13,13,0.563074
13,14,0.464724
13,15,0.380989
13,16,0.310345
13,17,0.25124
13,18,0.202169
13,19,0.161719
13,20,0.128599
13,21,0.101649
13,22,0.0798416
13,23,0.0622795
13,24,0.0481838
13,25,0.0368828
13,26,0.0277976
13,27,0.0204279
13,28,0.0143367
13,29,0.00913531
13,30,0.00446857
13,31,0
14,-31,0
14,-30,0.00143519
14,-29,0.00310888
14,-28,0.00521005
14,-27,0.00796255
14,-26,0.0116381
14,-25,0.0165698
14,-24,0.0231667
14,-23,0.0319273
14,-22,0.0434537
14,-21,0.0584631
14,-20,0.0777983
14,-19,0.102432
14,-18,0.133466
14,-17,0.172124
14,-16,0.219723
14,-15,0.277645
14,-14,0.34727
14,-13,0.429897
14,-12,0.526622
14,-11,0.638188
14,-10,0.764778
14,-9,0.905777
14,-8,1.05949
14,-7,1.22283
14,-6,1.39108
14,-5,1.55775
14,-4,1.71468
14,-3,1.85255
14,-2,1.96179
14,-1,2.03397
14,0,2.06317
14,1,2.04717
14,2,1.98785
14,3,1.89076
14,4,1.76405
14,5,1.61699
14,6,1.45871
14,7,1.29722
14,8,1.13892
14,9,0.988508
14,10,0.84911
14,11,0.722519
14,12,0.609496
14,13,0.510037
14,14,0.423607
14,15,0.349328
14,16,0.286124
14,17,0.23283
14,18,0.188265
14,19,0.151286
14,20,0.120822
14,21,0.0958917
14,22,0.0756103
14,23,0.0591937
14,24,0.0459529
14,25,0.0352866
14,26,0.0266714
14,27,0.0196502
14,28,0.0138204
14,29,0.00882093
14,30,0.00431959
14,31,0
15,-31,0
15,-30,0.0013422
15,-29,0.0029051
15,-28,0.00486142
15,-27,0.00741502
15,-26,0.0108122
15,-25,0.0153533
15,-24,0.0214047
15,-23,0.0294099
15,-22,0.0399004
15,-21,0.053504
15,-20,0.0709509
15,-19,0.0930743
15,-18,0.120805
15,-17,0.155159
15,-16,0.197209
15,-15,0.248047
15,-14,0.308726
15,-13,0.380181
15,-12,0.463124
15,-11,0.557913
15,-10,0.664394
15,-9,0.781718
15,-8,0.908149
15,-7,1.04089
15,-6,1.17594
15,-5,1.30812
15,-4,1.4312
15,-3,1.53835
15,-2,1.62279
15,-1,1.67867
15,0,1.70196
15,1,1.69111
15,2,1.64735
15,3,1.57437
15,4,1.47774
15,5,1.36398
15,6,1.23973
15,7,1.11107
15,8,0.983117
15,9,0.859833
15,10,0.744058
15,11,0.637618
15,12,0.541497
15,13,0.456017
15,14,0.381012
15,15,0.315977
15,16,0.260184
15,17,0.212782
15,18,0.172868
15,19,0.139535
15,20,0.111909
15,21,0.0891741
15,22,0.0705804
15,23,0.0554539
15,24,0.0431945
15,25,0.0332721
15,26,0.0252201
15,27,0.0186276
15,28,0.0131288
15,29,0.00839329
15,30,0.00411475
15,31,0
16,-31,0
16,-30,0.00123579
16,-29,0.00267287
16,-28,0.00446674
16,-27,0.00680037
16,-26,0.00989377
16,-25,0.0140139
16,-24,0.0194842
16,-23,0.0266938
16,-22,0.0361054
16,-21,0.0482611
16,-20,0.0637848
16,-19,0.0833808
16,-18,0.107825
16,-17,0.13795
16,-16,0.174617
16,-15,0.218678
16,-14,0.270923
16,-13,0.332008
16,-12,0.402368
16,-11,0.482109
16,-10,0.570889
16,-9,0.667786
16,-8,0.771169
16,-7,0.878605
16,-6,0.986805
16,-5,1.09167
16,-4,1.18847
16,-3,1.27217
16,-2,1.33791
16,-1,1.38158
16,0,1.40037
16,1,1.39317
16,2,1.36079
16,3,1.30572
16,4,1.23182
16,5,1.14372
16,6,1.04626
16,7,0.94404
16,8,0.841086
16,9,0.740665
16,10,0.645247
16,11,0.556543
16,12,0.475597
16,13,0.402909
16,14,0.338549
16,15,0.282273
16,16,0.233618
16,17,0.191981
16,18,0.156685
16,19,0.127023
16,20,0.102296
16,21,0.0818339
16,22,0.065012
16,23,0.0512589
16,24,0.0400591
16,25,0.0309517
16,26,0.0235269
16,27,0.01742
16,28,0.0123032
16,29,0.00787829
16,30,0.00386657
16,31,0
17,-31,0
17,-30,0.0011213
17,-29,0.00242371
17,-28,0.00404527
17,-27,0.00614794
17,-26,0.00892563
17,-25,0.0126124
17,-24,0.0174901
17,-23,0.0238958
17,-22,0.032227
17,-21,0.0429458
17,-20,0.0565792
17,-19,0.0737148
17,-18,0.094992
17,-17,0.121085
17,-16,0.152677
17,-15,0.190426
17,-14,0.234914
17,-13,0.28659
17,-12,0.345696
17,-11,0.412185
17,-10,0.485627
17,-9,0.565122
17,-8,0.64922
17,-7,0.735864
17,-6,0.822394
17,-5,0.905602
17,-4,0.981896
17,-3,1.04755
17,-2,1.09904
17,-1,1.13342
17,0,1.14871
17,1,1.1441
17,2,1.1201
17,3,1.07845
17,4,1.02183
17,5,0.953551
17,6,0.877178
17,7,0.796177
17,8,0.713685
17,9,0.632345
17,10,0.554242
17,11,0.480901
17,12,0.413336
17,13,0.352117
17,14,0.297453
17,15,0.249277
17,16,0.207316
17,17,0.17116
17,18,0.140311
17,19,0.11423
17,20,0.0923638
17,21,0.0741719
17,22,0.05914
17,23,0.0467902
17,24,0.0366855
17,25,0.0284307
17,26,0.0216702
17,27,0.0160842
17,28,0.0113832
17,29,0.00730087
17,30,0.00358717
17,31,0
18,-31,0
18,-30,0.00100347
18,-29,0.0021678
18,-28,0.00361394
18,-27,0.00548338
18,-26,0.00794487
18,-25,0.011201
18,-24,0.0154945
18,-23,0.0211136
18,-22,0.0283959
18,-21,0.0377309
18,-20,0.0495581
18,-19,0.0643631
18,-18,0.0826668
18,-17,0.10501
18,-16,0.131929
18,-15,0.163925
18,-14,0.201423
18,-13,0.24472
18,-12,0.29393
18,-11,0.34892
18,-10,0.409239
18,-9,0.474063
18,-8,0.542142
18,-7,0.61178
18,-6,0.680847
18,-5,0.746851
18,-4,0.807063
18,-3,0.85871
18,-2,0.899212
18,-1,0.926439
18,0,0.938951
18,1,0.93616
18,2,0.918395
18,3,0.886853
18,4,0.843439
18,5,0.79054
18,6,0.730776
18,7,0.666762
18,8,0.600928
18,9,0.535385
18,10,0.471856
18,11,0.411658
18,12,0.355716
18,13,0.304608
18,14,0.258613
18,15,0.217777
18,16,0.181961
18,17,0.150897
18,18,0.124229
18,19,0.101551
18,20,0.0824327
18,21,0.0664441
18,22,0.0531669
18,23,0.0422066
18,24,0.0331971
18,25,0.0258034
18,26,0.0197208
18,27,0.0146723
18,28,0.0104049
18,29,0.00668409
18,30,0.00328776
18,31,0
19,-31,0
19,-30,0.00088629
19,-29,0.00191371
19,-28,0.00318692
19,-27,0.004828
19,-26,0.00698202
19,-25,0.00982232
19,-24,0.0135554
19,-23,0.018425
19,-22,0.0247147
19,-21,0.032749
19,-20,0.0428912
19,-19,0.0555378
19,-18,0.0711096
19,-17,0.0900361
19,-16,0.112735
19,-15,0.139584
19,-14,0.170889
19,-13,0.206842
19,-12,0.247473
19,-11,0.292609
19,-10,0.341818
19,-9,0.394376
19,-8,0.449232
19,-7,0.505008
19,-6,0.560017
19,-5,0.612329
19,-4,0.659871
19,-3,0.700571
19,-2,0.732522
19,-1,0.754168
19,0,0.764449
19,1,0.762925
19,2,0.749806
19,3,0.72593
19,4,0.692654
19,5,0.651709
19,6,0.60503
19,7,0.55459
19,8,0.502261
19,9,0.449711
19,10,0.398344
19,11,0.349268
19,12,0.303299
19,13,0.260981
19,14,0.22262
19,15,0.188325
19,16,0.158048
19,17,0.131625
19,18,0.108807
19,19,0.0892944
19,20,0.0727581
19,21,0.0588585
19,22,0.0472603
19,23,0.0376412
19,24,0.0296982
19,25,0.0231506
19,26,0.0177401
19,27,0.0132297
19,28,0.00940052
19,29,0.00604833
19,30,0.00297832
19,31,0
20,-31,0
20,-30,0.000772949
20,-29,0.00166827
20,-28,0.00277542
20,-27,0.00419853
20,-26,0.00606083
20,-25,0.00850895
20,-24,0.0117166
20,-23,0.0158878
20,-22,0.0212581
20,-21,0.0280953
20,-20,0.0366963
20,-19,0.0473826
20,-18,0.0604905
20,-17,0.0763585
20,-16,0.0953092
20,-15,0.117626
20,-14,0.143525
20,-13,0.173124
20,-12,0.206407
20,-11,0.243187
20,-10,0.283074
20,-9,0.325448
20,-8,0.369445
20,-7,0.413956
20,-6,0.457657
20,-5,0.499056
20,-4,0.53658
20,-3,0.568672
20,-2,0.593917
20,-1,0.611163
20,0,0.619627
20,1,0.618968
20,2,0.609323
20,3,0.591277
20,4,0.565806
20,5,0.534171
20,6,0.497802
20,7,0.458188
20,8,0.416764
20,9,0.374843
20,10,0.33355
20,11,0.293803
20,12,0.256301
20,13,0.221535
20,14,0.189808
20,15,0.16126
20,16,0.135901
20,17,0.113639
20,18,0.0943077
20,19,0.0776883
20,20,0.063532
20,21,0.0515751
20,22,0.041551
20,23,0.0331998
20,24,0.0262733
20,25,0.0205385
20,26,0.0157791
20,27,0.0117942
20,28,0.0083968
20,29,0.00541086
20,30,0.00266731
20,31,0
21,-31,0
21,-30,0.000665832
21,-29,0.00143656
21,-28,0.00238773
21,-27,0.00360714
21,-26,0.00519833
21,-25,0.00728394
21,-24,0.0100086
21,-23,0.0135411
21,-22,0.0180754
21,-21,0.02383
21,-20,0.0310457
21,-19,0.0399804
21,-18,0.0509012
21,-17,0.0640726
21,-16,0.0797418
21,-15,0.0981196
21,-14,0.119358
21,-13,0.143524
21,-12,0.170577
21,-11,0.200334
21,-10,0.232458
21,-9,0.266429
21,-8,0.301545
21,-7,0.336925
21,-6,0.371535
21,-5,0.404228
21,-4,0.433805
21,-3,0.459098
21,-2,0.479048
21,-1,0.492798
21,0,0.499762
21,1,0.499678
21,2,0.492628
21,3,0.479027
21,4,0.459575
21,5,0.435194
21,6,0.406946
21,7,0.375949
21,8,0.343305
21,9,0.310034
21,10,0.277034
21,11,0.245053
21,12,0.214677
21,13,0.186335
21,14,0.160308
21,15,0.136748
21,16,0.115699
21,17,0.097119
21,18,0.0808989
21,19,0.0668836
21,20,0.0548874
21,21,0.0447076
21,22,0.0361349
21,23,0.0289615
21,24,0.0229863
21,25,0.0180181
21,26,0.0138774
21,27,0.0103958
21,28,0.00741525
21,29,0.00478553
21,30,0.00236157
21,31,0
22,-31,0
22,-30,0.000566545
22,-29,0.00122196
22,-28,0.00202932
22,-27,0.0030618
22,-26,0.00440538
22,-25,0.00616157
22,-24,0.00844945
22,-23,0.0114073
22,-22,0.015193
22,-21,0.0199835
22,-20,0.025972
22,-19,0.0333639
22,-18,0.0423692
22,-17,0.0531934
22,-16,0.0660247
22,-15,0.0810188
22,-14,0.098281
22,-13,0.117847
22,-12,0.139662
22,-11,0.163563
22,-10,0.189261
22,-9,0.216331
22,-8,0.24421
22,-7,0.272205
22,-6,0.29951
22,-5,0.325247
22,-4,0.348506
22,-3,0.368405
22,-2,0.384152
22,-1,0.395104
22,0,0.400821
22,1,0.401098
22,2,0.395984
22,3,0.385771
22,4,0.370964
22,5,0.352239
22,6,0.330382
22,7,0.306234
22,8,0.280636
22,9,0.254378
22,10,0.228169
22,11,0.20261
22,12,0.178186
22,13,0.155262
22,14,0.134089
22,15,0.114815
22,16,0.0975035
22,17,0.0821426
22,18,0.0686658
22,19,0.0569651
22,20,0.0469038
22,21,0.0383278
22,22,0.0310746
22,23,0.0249797
22,24,0.0198818
22,25,0.0156257
22,26,0.0120638
22,27,0.00905661
22,28,0.00647181
22,29,0.00418275
22,30,0.00206626
22,31,0
23,-31,0
23,-30,0.00047598
23,-29,0.00102634
23,-28,0.00170313
23,-27,0.00256657
23,-26,0.00368729
23,-25,0.0051483
23,-24,0.00704659
23,-23,0.00949421
23,-22,0.0126185
23,-21,0.016561
23,-20,0.0214755
23,-19,0.027524
23,-18,0.0348705
23,-17,0.0436733
23,-16,0.0540747
23,-15,0.066189
23,-14,0.0800885
23,-13,0.0957882
23,-12,0.113232
23,-11,0.132276
23,-10,0.152682
23,-9,0.174107
23,-8,0.196104
23,-7,0.218131
23,-6,0.239568
23,-5,0.259742
23,-4,0.277963
23,-3,0.293567
23,-2,0.305959
23,-1,0.314657
23,0,0.319328
23,1,0.319813
23,2,0.316136
23,3,0.308505
23,4,0.297284
23,5,0.282967
23,6,0.266137
23,7,0.247425
23,8,0.227469
23,9,0.206878
23,10,0.186206
23,11,0.165933
23,12,0.146452
23,13,0.128067
23,14,0.110996
23,15,0.0953771
23,16,0.0812771
23,17,0.0687056
23,18,0.0576246
23,19,0.0479605
23,20,0.0396142
23,21,0.0324701
23,22,0.026403
23,23,0.0212844
23,24,0.0169861
23,25,0.0133834
23,26,0.0103565
23,27,0.00779088
23,28,0.00557707
23,29,0.00360951
23,30,0.00178486
23,31,0
24,-31,0
24,-30,0.000394397
24,-29,0.000850221
24,-28,0.00140984
24,-27,0.0021222
24,-26,0.00304456
24,-25,0.00424396
24,-24,0.00579843
24,-23,0.00779771
24,-22,0.0103432
24,-21,0.0135471
24,-20,0.0175305
24,-19,0.0224197
24,-18,0.0283418
24,-17,0.0354175
24,-16,0.043754
24,-15,0.0534344
24,-14,0.0645075
24,-13,0.0769766
24,-12,0.0907881
24,-11,0.105822
24,-10,0.121883
24,-9,0.138699
24,-8,0.15592
24,-7,0.173126
24,-6,0.189842
24,-5,0.205556
24,-4,0.219747
24,-3,0.231915
24,-2,0.241615
24,-1,0.248485
24,0,0.252273
24,1,0.252853
24,2,0.250239
24,3,0.244574
24,4,0.236121
24,5,0.225242
24,6,0.212366
24,7,0.197966
24,8,0.182523
24,9,0.166504
24,10,0.150336
24,11,0.134399
24,12,0.119007
24,13,0.104408
24,14,0.0907867
24,15,0.0782646
24,16,0.0669085
24,17,0.0567381
24,18,0.0477348
24,19,0.0398497
24,20,0.0330122
24,21,0.0271363
24,22,0.0221271
24,23,0.0178849
24,24,0.0143093
24,25,0.0113011
24,26,0.00876421
24,27,0.00660584
24,28,0.00473659
24,29,0.00306959
24,30,0.00151931
24,31,0
25,-31,0
25,-30,0.000321511
25,-29,0.000692937
25,-28,0.00114823
25,-27,0.00172656
25,-26,0.00247364
25,-25,0.0034428
25,-24,0.00469591
25,-23,0.00630378
25,-22,0.0083461
25,-21,0.0109106
25,-20,0.0140912
25,-19,0.0179854
25,-18,0.0226904
25,-17,0.0282976
25,-16,0.0348865
25,-15,0.0425172
25,-14,0.0512224
25,-13,0.0609987
25,-12,0.0717986
25,-11,0.0835235
25,-10,0.0960184
25,-9,0.10907
25,-8,0.122408
25,-7,0.13571
25,-6,0.148617
25,-5,0.160741
25,-4,0.171692
25,-3,0.181097
25,-2,0.188621
25,-1,0.193996
25,0,0.19703
25,1,0.197628
25,2,0.195793
25,3,0.191624
25,4,0.185312
25,5,0.177118
25,6,0.167359
25,7,0.156384
25,8,0.144554
25,9,0.132223
25,10,0.11972
25,11,0.107337
25,12,0.0953229
25,13,0.0838771
25,14,0.0731507
25,15,0.0632474
25,16,0.0542287
25,17,0.0461187
25,18,0.0389109
25,19,0.032574
25,20,0.0270585
25,21,0.0223014
25,22,0.0182314
25,23,0.0147725
25,24,0.011847
25,25,0.00937707
25,26,0.00728682
25,27,0.0055022
25,28,0.00395131
25,29,0.00256382
25,30,0.00127009
25,31,0
26,-31,0
26,-30,0.000256569
26,-29,0.000552838
26,-28,0.000915459
26,-27,0.00137515
26,-26,0.00196764
26,-25,0.00273455
26,-24,0.00372393
26,-23,0.00499062
26,-22,0.00659604
26,-21,0.00860746
26,-20,0.0110966
26,-19,0.0141374
26,-18,0.0178029
26,-17,0.0221611
26,-16,0.0272704
26,-15,0.0331737
26,-14,0.0398924
26,-13,0.0474201
26,-12,0.0557168
26,-11,0.0647041
26,-10,0.0742613
26,-9,0.0842248
26,-8,0.0943892
26,-7,0.104513
26,-6,0.114325
26,-5,0.123538
26,-4,0.131863
26,-3,0.139023
26,-2,0.144773
26,-1,0.148911
26,0,0.151297
26,1,0.151857
26,2,0.150588
26,3,0.147561
26,4,0.14291
26,5,0.136824
26,6,0.129532
26,7,0.121291
26,8,0.112368
26,9,0.103026
26,10,0.0935144
26,11,0.0840553
26,12,0.0748406
26,13,0.0660271
26,14,0.0577353
26,15,0.0500507
26,16,0.0430262
26,17,0.0366866
26,18,0.0310322
26,19,0.0260439
26,20,0.0216874
26,21,0.0179175
26,22,0.0146818
26,23,0.0119231
26,24,0.00958233
26,25,0.00759983
26,26,0.00591665
26,27,0.00447495
26,28,0.0032181
26,29,0.00209039
26,30,0.00103637
26,31,0
27,-31,0
27,-30,0.000198426
27,-29,0.000427438
27,-28,0.000707326
27,-27,0.00106144
27,-26,0.00151691
27,-25,0.0021052
27,-24,0.00286257
27,-23,0.00383022
27,-22,0.00505415
27,-21,0.00658451
27,-20,0.00847451
27,-19,0.0107787
27,-18,0.0135505
27,-17,0.0168395
27,-16,0.0206874
27,-15,0.0251241
27,-14,0.0301632
27,-13,0.0357978
27,-12,0.0419958
27,-11,0.0486971
27,-10,0.0558107
27,-9,0.0632148
27,-8,0.0707576
27,-7,0.0782615
27,-6,0.0855291
27,-5,0.0923515
27,-4,0.0985186
27,-3,0.103831
27,-2,0.10811
27,-1,0.11121
27,0,0.11303
27,1,0.113513
27,2,0.112656
27,3,0.110506
27,4,0.107156
27,5,0.102741
27,6,0.097423
27,7,0.0913872
27,8,0.084826
27,9,0.0779315
27,10,0.0708859
27,11,0.0638547
27,12,0.0569814
27,13,0.0503849
27,14,0.044158
27,15,0.0383681
27,16,0.0330585
27,17,0.0282514
27,18,0.0239507
27,19,0.0201451
27,20,0.0168117
27,21,0.0139189
27,22,0.0114288
27,23,0.00929978
27,24,0.0074882
27,25,0.00594955
27,26,0.00463945
27,27,0.00351406
27,28,0.00253021
27,29,0.00164515
27,30,0.000816189
27,31,0
28,-31,0
28,-30,0.0001456
28,-29,0.000313538
28,-28,0.000518481
28,-27,0.000777288
28,-26,0.0011095
28,-25,0.00153773
28,-24,0.00208796
28,-23,0.00278964
28,-22,0.0036755
28,-21,0.00478111
28,-20,0.00614407
28,-19,0.00780271
28,-18,0.00979441
28,-17,0.0121534
28,-16,0.0149084
28,-15,0.0180793
28,-14,0.0216746
28,-13,0.0256878
28,-12,0.0300951
28,-11,0.0348527
28,-10,0.0398957
28,-9,0.0451377
28,-8,0.0504719
28,-7,0.0557738
28,-6,0.0609057
28,-5,0.0657223
28,-4,0.070078
28,-3,0.0738342
28,-2,0.0768679
28,-1,0.0790783
28,0,0.0803933
28,1,0.0807739
28,2,0.0802162
28,3,0.0787508
28,4,0.0764408
28,5,0.0733767
28,6,0.0696704
28,7,0.0654484
28,8,0.0608441
28,9,0.0559911
28,10,0.0510172
28,11,0.046039
28,12,0.0411589
28,13,0.0364622
28,14,0.0320165
28,15,0.0278714
28,16,0.0240602
28,17,0.0206006
28,18,0.0174974
28,19,0.0147446
28,20,0.0123274
28,21,0.0102246
28,22,0.00841013
28,23,0.00685507
28,24,0.00552866
28,25,0.00439933
28,26,0.00343538
28,27,0.00260528
28,28,0.00187782
28,29,0.00122197
28,30,0.000606575
28,31,0
29,-31,0
29,-30,9.63178e-05
29,-29,0.000207324
29,-28,0.000342586
29,-27,0.000513085
29,-26,0.000731521
29,-25,0.00101256
29,-24,0.00137302
29,-23,0.00183189
29,-22,0.00241023
29,-21,0.00313085
29,-20,0.00401778
29,-19,0.00509541
29,-18,0.00638741
29,-17,0.00791534
29,-16,0.00969702
29,-15,0.0117447
29,-14,0.014063
29,-13,0.0166471
29,-12,0.0194812
29,-11,0.0225367
29,-10,0.0257717
29,-9,0.0291308
29,-8,0.0325458
29,-7,0.0359376
29,-6,0.0392191
29,-5,0.0422984
29,-4,0.0450836
29,-3,0.0474876
29,-2,0.0494328
29,-1,0.0508555
29,0,0.0517102
29,1,0.0519718
29,2,0.0516372
29,3,0.0507249
29,4,0.0492737
29,5,0.0473397
29,6,0.0449929
29,7,0.0423122
29,8,0.0393818
29,9,0.0362861
29,10,0.0331062
29,11,0.0299167
29,12,0.0267834
29,13,0.0237614
29,14,0.0208949
29,15,0.0182167
29,16,0.0157492
29,17,0.0135047
29,18,0.0114876
29,19,0.00969463
29,20,0.00811721
29,21,0.00674228
29,22,0.00555363
29,23,0.00453294
29,24,0.00366064
29,25,0.00291649
29,26,0.00228002
29,27,0.00173082
29,28,0.00124857
29,29,0.000813003
29,30,0.000403737
29,31,0
30,-31,0
30,-30,4.85432e-05
30,-29,0.000104434
30,-28,0.00017243
30,-27,0.000257985
30,-26,0.000367394
30,-25,0.000507915
30,-24,0.000687843
30,-23,0.00091653
30,-22,0.00120432
30,-21,0.0015624
30,-20,0.0020025
30,-19,0.0025365
30,-18,0.00317589
30,-17,0.00393108
30,-16,0.00481059
30,-15,0.00582018
30,-14,0.00696188
30,-13,0.00823312
30,-12,0.00962584
30,-11,0.0111259
30,-10,0.0127125
30,-9,0.0143587
30,-8,0.0160311
30,-7,0.0176911
30,-6,0.0192964
30,-5,0.0208024
30,-4,0.0221647
30,-3,0.0233409
30,-2,0.0242935
30,-1,0.0249917
30,0,0.0254134
30,1,0.0255462
30,2,0.0253886
30,3,0.0249493
30,4,0.0242468
30,5,0.023308
30,6,0.0221665
30,7,0.0208606
30,8,0.0194309
30,9,0.0179183
30,10,0.0163625
30,11,0.0147999
30,12,0.0132626
30,13,0.0117778
30,14,0.0103675
30,15,0.00904807
30,16,0.0078307
30,17,0.00672189
30,18,0.00572398
30,19,0.00483578
30,20,0.00405328
30,21,0.00337029
30,22,0.00277902
30,23,0.00227059
30,24,0.00183544
30,25,0.00146367
30,26,0.00114521
30,27,0.00087
30,28,0.000627975
30,29,0.000409087
30,30,0.000203206
30,31,0
31,-31,0
31,-30,0
31,-29,0
31,-28,0
31,-27,0
31,-26,0
31,-25,0
31,-24,0
31,-23,0
31,-22,0
31,-21,0
31,-20,0
31,-19,0
31,-18,0
31,-17,0
31,-16,0
31,-15,0
31,-14,0
31,-13,0
31,-12,0
31,-11,0
31,-10,0
31,-9,0
31,-8,0
31,-7,0
31,-6,0
31,-5,0
31,-4,0
31,-3,0
31,-2,0
31,-1,0
31,0,0
31,1,0
31,2,0
31,3,0
31,4,0
31,5,0
31,6,0
31,7,0
31,8,0
31,9,0
31,10,0
31,11,0
31,12,0
31,13,0
31,14,0
31,15,0
31,16,0
31,17,0
31,18,0
31,19,0
31,20,0
31,21,0
31,22,0
31,23,0
31,24,0
31,25,0
31,26,0
31,27,0
31,28,0
31,29,0
31,30,0
31,31,0
